sample,lat,lon,temp,cond,salinity,turb,chl,pH,P,Nitrate+Nitrite,Ammonia,N,N:P,N*,15N,13C,%N,%C,Level,Level_2,Region,Envi
171116_1,1.238833,78.971,27.4,36421,21.85015926,7.6,,7.62,0.12,0.15,0.64,0.79,6.583333333,-1.13,3.019,-23.573,1.087018208,8.340837461,low,low,Cayapas Mataje,Valdez
171116_2,1.238806,78.96847,27.4,36061,21.6114719,4.3,,7.42,0.08,0.09,0.2,0.29,3.625,-0.99,2.872,-23.422,0.450224639,2.665466006,low,low,Cayapas Mataje,Valdez
171116_3,1.237667,78.96847,27.4,33314,19.80110813,8.2,,7.53,0.11,0.05,0.4,0.45,4.090909091,-1.31,3.764,-24.849,0.415464649,2.588923908,low,low,Cayapas Mataje,Valdez
171116_4,1.239222,78.95897,27.6,33097,19.57594515,3,,7.46,0.22,0.32,0.19,0.51,2.318181818,-3.01,4.662,-24.831,0.379049421,2.389689329,low,low,Cayapas Mataje,Valdez
171116_5,1.240667,78.956,27.6,33421,19.78736381,30.1,,7.55,,,,,,,,,,,low,low,Cayapas Mataje,Valdez
171116_6,1.240556,78.95336,27.5,33108,19.62455405,245.4,,7.48,0.04,0.25,0.53,0.78,19.5,0.14,2.509,-24.334,0.781035706,5.63147231,low,low,Cayapas Mataje,Valdez
171116_7,1.247528,78.92036,27.6,37525,22.4886762,1.9,,7.5,0.08,0.15,0.46,0.61,7.625,-0.67,4.341,-26.074,0.257744148,2.039621792,intermediate,low,Cayapas Mataje,Machetejero 
171116_8,1.248083,78.91989,27.6,37445,22.43561149,1.8,,7.41,0.07,0.06,0.21,0.27,3.857142857,-0.85,1.184,-24.859,0.641759281,3.067312022,intermediate,low,Cayapas Mataje,Machetejero 
171116_9,1.247722,78.91828,27.6,37251,22.30699607,2.1,,7.67,0.1,0.09,0.1,0.19,1.9,-1.41,3.386,-25.077,0.270986049,1.572489869,intermediate,low,Cayapas Mataje,Machetejero 
171116_10,1.247222,78.91633,27.8,37190,22.17269588,2,,7.76,0.07,0.07,0.15,0.22,3.142857143,-0.9,1.794,-24.763,0.316859778,2.084646556,intermediate,low,Cayapas Mataje,Machetejero 
171116_11,1.250111,78.91467,27.7,37315,22.30221552,2.6,,7.78,0.01,0.05,0.32,0.37,37,0.21,3.282,-26.103,0.302435564,2.057631697,intermediate,low,Cayapas Mataje,Machetejero 
171116_12,1.249556,78.91317,28,37040,21.98096883,1.6,,7.75,0.03,0.09,0.23,0.32,10.66666667,-0.16,0.36,-24.89,0.268857886,1.687303017,intermediate,low,Cayapas Mataje,Machetejero 
171116_13,1.235972,78.96858,27.7,40309,24.29374082,33.9,,8.04,0.13,0.07,0.09,0.16,1.230769231,-1.92,4.115,-22.807,0.872546701,7.100405223,low,low,Cayapas Mataje,Valdez
171116_14,1.237361,78.96025,27.6,41173,24.92526409,12.6,,8.08,0.12,0.02,0.19,0.21,1.75,-1.71,1.692,-22.478,1.650508394,5.799189554,low,low,Cayapas Mataje,Valdez
171116_15,1.405917,78.95819,27.8,40950,24.67075641,8.8,,8.23,0.11,0.01,0.15,0.16,1.454545455,-1.6,6.812,-23.065,0.357767794,2.71049077,low,low,Cayapas Mataje,Valdez
171116_16,1.239944,78.95497,27.6,42063,25.52466106,17.8,,8.25,0.11,0.06,0.14,0.2,1.818181818,-1.56,4.314,-23.584,0.559706786,4.451823503,low,low,Cayapas Mataje,Valdez
171116_17,1.241889,78.95492,27.6,40593,24.53568228,20.7,,8.15,0.08,0.02,0.17,0.19,2.375,-1.09,5.2,-23.579,1.159139276,9.411301216,low,low,Cayapas Mataje,Valdez
171116_18,1.247306,78.95578,28.4,39093,23.13897273,54.1,,8.06,0.08,0.01,0.27,0.28,3.5,-1,4.398,-23.342,0.726885789,6.284331382,low,low,Cayapas Mataje,Valdez
171116_19,1.247917,78.92064,27.8,33240,19.58642437,2.8,,7.91,0.03,0.2,0.2,0.4,13.33333333,-0.08,3.839,-26.118,0.267675573,1.842638451,intermediate,low,Cayapas Mataje,Machetejero 
171116_20,1.248056,78.91928,27.8,34629,20.49134685,2.5,,7.97,0.06,0.11,0.22,0.33,5.5,-0.63,6.693,-23.825,0.475999054,2.705988294,intermediate,low,Cayapas Mataje,Machetejero 
171116_21,1.248139,78.91794,27.9,34163,20.14474012,2.1,,7.91,0.17,0.13,0.05,0.18,1.058823529,-2.54,3.173,-25.795,0.331756917,2.161188654,intermediate,low,Cayapas Mataje,Machetejero 
171116_22,1.248944,78.91675,27.9,33998,20.0374105,2.1,,7.96,0.16,0.21,0.23,0.44,2.75,-2.12,2.2,-23.674,0.543863798,2.729626294,intermediate,low,Cayapas Mataje,Machetejero 
171116_23,1.249444,78.91428,27.9,34002,20.0400116,2.2,,7.87,0.12,0.21,0.2,0.41,3.416666667,-1.51,2.959,-25.258,0.256561835,1.601755966,intermediate,low,Cayapas Mataje,Machetejero 
171116_24,1.249583,78.91325,27.9,34608,20.43455221,3,,7.85,0.09,0.17,0.26,0.43,4.777777778,-1.01,3.165,-25.404,0.545755498,3.462404322,intermediate,low,Cayapas Mataje,Machetejero 
171117_1,1.208528,79.01461,26.8,4425,2.265624636,20.5,12.93,6.87,0.26,1.75,0.73,2.48,9.538461538,-1.68,5.079,-26.044,0.686450698,5.129446195,low,low,Cayapas Mataje,CM River
171117_2,1.207528,79.01494,26.8,3681,1.863664497,24.3,19.67,6.53,0.59,0.63,0.47,1.1,1.86440678,-8.34,5.114,-25.525,0.671553559,4.441692931,low,low,Cayapas Mataje,CM River
171117_3,1.205611,79.01561,26.7,2685,1.337960664,31.4,20.42,2.14,0.8,0.06,0.43,0.49,0.6125,-12.31,1.858,-26.566,1.013005439,6.737955876,low,low,Cayapas Mataje,CM River
171117_4,1.201611,79.01353,26.9,3030,1.51368667,12.3,23.61,2.02,0.43,0.02,0.7,0.72,1.674418605,-6.16,-0.041,-26.176,0.764719792,3.723547951,low,low,Cayapas Mataje,CM River
171117_5,1.196778,79.01281,27,3018,1.504208278,6.9,21.08,3.47,0.27,0.24,0.53,0.77,2.851851852,-3.55,11.079,-26.894,0.420666824,2.649707339,low,low,Cayapas Mataje,CM River
171117_6,1.214306,79.04258,27.8,19584,10.97374726,9.3,18.83,5.97,0.22,0.17,0.24,0.41,1.863636364,-3.11,8.847,-24.217,0.464648853,3.244034219,low,low,Cayapas Mataje,CM River
171117_7,1.215083,79.042,26.9,22905,13.26721124,42.1,20.2,6.2,0.18,0.19,0.19,0.38,2.111111111,-2.5,5.827,-24.206,1.752423741,13.8147231,low,low,Cayapas Mataje,CM River
171117_8,1.216056,79.04064,26.8,24182,14.10767379,24.8,20.28,6.33,0.13,0.23,0.35,0.58,4.461538462,-1.5,7.969,-24.194,0.675573422,4.307744259,low,low,Cayapas Mataje,CM River
171117_9,1.219833,79.04039,26.9,24554,14.31472779,47.1,24.78,2.14,1.75,0,0.98,0.98,0.56,-27.02,3.024,-24.171,1.469614566,10.06528591,low,low,Cayapas Mataje,CM River
171117_10,1.222083,79.03731,27.1,22730,13.10081329,14.7,12.85,6.22,0.24,0.14,0.48,0.62,2.583333333,-3.22,7.655,-24.005,0.738945377,4.682575416,low,low,Cayapas Mataje,CM River
171117_11,1.224806,79.03286,27.3,23750,13.68637566,32.8,9.17,6.39,0.22,0.2,0.35,0.55,2.5,-2.97,5.316,-24.212,0.493497281,3.683025664,low,low,Cayapas Mataje,CM River
171117_12,1.208306,79.01481,27.4,19243,10.85683087,29.1,19.86,6.24,0.23,0.16,0.22,0.38,1.652173913,-3.3,5.956,-24.462,0.817450934,5.719270599,low,low,Cayapas Mataje,CM River
171117_13,1.20675,79.01453,27.5,19109,10.75192769,28.5,23.28,6.2,0.2,0.2,0.32,0.52,2.6,-2.68,7.872,-24.607,0.799954223,5.993738404,low,low,Cayapas Mataje,CM River
171117_14,1.205278,79.01481,27.5,19322,10.88240137,23.1,18.83,6.35,0.26,0.17,0.23,0.4,1.538461538,-3.76,6.278,-24.215,0.883726253,6.696428571,low,low,Cayapas Mataje,CM River
171117_15,1.201528,79.01394,27.2,23809,13.7526099,129.4,24.92,6.45,0.29,0.15,2.63,2.78,9.586206897,-1.86,7.258,-24.706,2.108720531,18.68274583,low,low,Cayapas Mataje,CM River
171117_16,1.196528,79.01311,27.7,22951,13.0733996,42.3,18.45,6.63,0.19,0.14,1.33,1.47,7.736842105,-1.57,5.659,-24.009,1.44632639,12.42346939,low,low,Cayapas Mataje,CM River
171117_17,1.192639,79.01486,27.6,24537,14.09356153,21.9,20.09,6.64,0.3,0.02,0.41,0.43,1.433333333,-4.37,5.561,-23.332,1.006637675,7.824675325,low,low,Cayapas Mataje,CM River
171117_18,1.214667,79.04386,27.9,45180,27.46384194,36.1,21.64,7.47,0.26,0.03,0.4,0.43,1.653846154,-3.73,6.026,-22.237,0.757152667,5.855751391,low,low,Cayapas Mataje,CM River
171117_19,1.216,79.04072,27.9,44393,26.93127764,28.8,16.72,7.18,0.25,0.07,0.6,0.67,2.68,-3.33,8.644,-22.207,0.649347677,4.33093692,low,low,Cayapas Mataje,CM River
171117_20,1.219194,79.04044,27.6,46128,28.28658322,24.5,19.67,6.8,0.22,0.01,0.27,0.28,1.272727273,-3.24,8.637,-22.359,0.710002289,4.383116883,low,low,Cayapas Mataje,CM River
171117_21,1.222889,79.03811,27.4,46859,28.91020395,18.1,11.58,6.6,0.22,0.08,0.44,0.52,2.363636364,-3,8.381,-22.661,0.572213321,3.783627087,low,low,Cayapas Mataje,CM River
171117_22,1.225611,79.033,27.5,46190,28.38929512,18.8,9.18,6.61,0.21,0.06,0.21,0.27,1.285714286,-3.09,5.394,-23.3,0.702449073,5.139146568,low,low,Cayapas Mataje,CM River
171118_1,1.295583,79.01481,27.4,39104,23.63933357,12,14.56,7.55,0.4,1.16,0.44,1.6,4,-4.8,7.131,-22.468,0.536049439,3.645640074,low,low,Cayapas Mataje,Plume
171118_2,1.290917,79.01111,27.4,39187,23.69496946,15.5,10.04,7.95,0.25,0.79,0.17,0.96,3.84,-3.04,7.622,-22.604,0.946211948,6.669758813,low,low,Cayapas Mataje,Plume
171118_3,1.285667,79.00625,27.4,38605,23.3052087,17.4,18.08,7.8,0.23,1.19,0.15,1.34,5.826086957,-2.34,8.865,-22.806,0.636530098,4.893320965,low,low,Cayapas Mataje,Plume
171118_4,1.276778,78.99981,27.4,38317,23.11264927,10.9,9.12,7.63,0.3,1.06,0.19,1.25,4.166666667,-3.55,6.888,-23.195,0.513389792,4.140769944,low,low,Cayapas Mataje,Plume
171118_5,1.270528,78.99258,27.4,37652,22.66881625,11.7,9.99,7.73,0.19,0.99,0.22,1.21,6.368421053,-1.83,6.483,-23.259,0.514991989,4.335575139,low,low,Cayapas Mataje,Plume
171118_6,1.881167,78.98519,27.4,36635,21.99220158,14.4,9.37,7.62,0.21,0.95,0.25,1.2,5.714285714,-2.16,7.906,-23.425,0.417715724,3.476345083,low,low,Cayapas Mataje,Plume
171118_7,1.258694,78.97758,27.4,33950,20.21851549,15,9.1,7.96,0.28,1.36,0.12,1.48,5.285714286,-3,10.207,-23.198,0.848020142,7.073283859,low,low,Cayapas Mataje,Plume
171118_8,1.252667,78.97036,27.6,36820,22.02159537,5.5,6.31,7.69,0.21,1.14,0.13,1.27,6.047619048,-2.09,9.616,-21.472,0.259098192,1.844851577,low,low,Cayapas Mataje,Plume
171118_9,1.253167,78.96889,27.6,33410,19.78018153,5.8,14.34,7.87,0.26,1.12,0.41,1.53,5.884615385,-2.63,10.011,-18.548,0.460746166,2.680890538,low,low,Cayapas Mataje,Plume
171118_10,1.246833,78.96383,27.6,35203,20.95502587,5.7,5.58,7.84,0.26,1.36,0.3,1.66,6.384615385,-2.5,10.185,-18.448,0.700389105,4.241651206,low,low,Cayapas Mataje,Plume
171118_11,1.239389,78.958,27.5,30876,18.17246468,6.9,7.53,7.78,0.3,2.31,0.51,2.82,9.4,-1.98,6.055,-22.187,0.356374456,2.69364564,low,low,Cayapas Mataje,Plume
171118_12,1.244528,78.91778,27.6,37211,22.28048914,1.4,5.47,7.61,0.2,1.03,0.24,1.27,6.35,-1.93,9.229,-20.941,0.41451133,3.160946197,low,low,Cayapas Mataje,Machetejero 
171118_13,1.246,78.91925,27.6,37359,22.37858478,2,8.22,7.67,0.24,1.21,0.16,1.37,5.708333333,-2.47,10.64,-24.252,0.363698787,2.363172542,low,low,Cayapas Mataje,Machetejero 
171118_14,1.247306,78.92011,27.6,37659,22.57759543,2.8,7.54,7.75,0.19,1.19,0.8,1.99,10.47368421,-1.05,5.996,-23.574,0.239871824,1.945732839,low,low,Cayapas Mataje,Machetejero 
171118_15,1.248139,78.92061,27.6,37453,22.44091724,4.6,6.49,7.72,0.28,0.91,0.67,1.58,5.642857143,-2.9,8.867,-23.086,0.362783246,2.37244898,low,low,Cayapas Mataje,Machetejero 
171118_16,1.248611,78.92083,27.5,37859,22.75853784,3,8.55,7.77,0.2,1.05,0.74,1.79,8.95,-1.41,8.218,-25.058,0.230716411,1.698747681,low,low,Cayapas Mataje,Machetejero 
171118_17,1.249083,78.92106,27.5,37992,22.84709415,3.4,10.15,7.72,0.28,1.04,1.18,2.22,7.928571429,-2.26,7.772,-18.943,0.50904097,3.805658627,low,low,Cayapas Mataje,Machetejero 
171119_1,1.214639,78.88194,27.2,35330,21.21772392,2,7.7,6.99,1.08,1.79,0.99,2.78,2.574074074,-14.5,8.843,-23.866,0.207827878,1.57351577,intermediate,intermediate,Cayapas Mataje,Shrimp_outflow
171119_2,1.214639,78.88139,27.2,35463,21.30599777,1.7,6.7,7.07,0.23,0.99,1.29,2.28,9.913043478,-1.4,3.994,-21.428,1.127718013,2.22054731,intermediate,intermediate,Cayapas Mataje,Shrimp_outflow
171119_3,1.214639,78.88097,27.2,35526,21.34782761,1.8,6.05,7.06,0.3,1.33,1.25,2.58,8.6,-2.22,6.541,-26.199,0.23025864,1.614100186,intermediate,intermediate,Cayapas Mataje,Shrimp_outflow
171119_4,1.212083,78.88153,27.4,35075,20.9594269,2.3,8.77,7.15,0.17,0.99,0.76,1.75,10.29411765,-0.97,9.445,-24.013,0.227283131,1.880797774,intermediate,intermediate,Cayapas Mataje,Shrimp_outflow
171119_5,1.212028,78.88119,27.3,35244,21.11575978,3,8.47,7.39,0.21,1.08,0.71,1.79,8.523809524,-1.57,9.085,-27.763,0.182650492,1.318413729,intermediate,intermediate,Cayapas Mataje,Shrimp_outflow
171119_6,1.211806,78.88075,27.3,35355,21.18924591,1.7,7.83,7.29,0.23,1.32,0.82,2.14,9.304347826,-1.54,,,,,intermediate,intermediate,Cayapas Mataje,Shrimp_outflow
171119_7,1.212639,78.88036,27.2,35491,21.32458755,1.6,7.46,7.58,0.12,0.56,1.26,1.82,15.16666667,-0.1,2.923,-22.954,0.232318608,1.37987013,intermediate,intermediate,Cayapas Mataje,Shrimp_inlet
171119_8,1.213611,78.87947,27.3,35544,21.31444381,1.6,6.3,7.46,0.32,1.37,1.63,3,9.375,-2.12,3.984,-25.65,0.234836347,1.534090909,intermediate,intermediate,Cayapas Mataje,Shrimp_inlet
171119_9,1.214861,78.88067,27.3,35667,21.39597105,1.8,6.25,7.59,0.24,1.05,1.44,2.49,10.375,-1.35,,,,,intermediate,intermediate,Cayapas Mataje,Shrimp_inlet
171119_10,1.216333,78.88064,27.3,35778,21.4695777,1.5,5.9,7.35,0.25,0.96,1.4,2.36,9.44,-1.64,,,,,intermediate,intermediate,Cayapas Mataje,Shrimp_inlet
171119_11,1.220333,78.88869,27.6,36046,21.51024012,1.4,9.36,7.4,0.15,0.44,1.04,1.48,9.866666667,-0.92,,,,,intermediate,intermediate,Cayapas Mataje,Shrimp_inlet
171119_12,1.221194,78.88097,27.6,36126,21.56302325,1.3,7.04,7.39,0.3,0.94,1.29,2.23,7.433333333,-2.57,5.047,-26.117,0.201916496,1.196725259,intermediate,intermediate,Cayapas Mataje,Shrimp_inlet
171120_1,1.212889,78.88011,26.7,34525,20.90620522,7.2,13.67,6.97,1.87,0.13,1.7,1.83,0.978609626,-28.09,,,,,intermediate,intermediate,Cayapas Mataje,Channel_Shrimp_Inlet
171120_2,1.213611,78.87944,26.7,34805,21.09352695,4.8,9.86,7.34,0.51,0.68,1.17,1.85,3.62745098,-6.31,3.154,-27.856,0.480492813,2.959306525,intermediate,intermediate,Cayapas Mataje,Channel_Shrimp_Inlet
171120_3,1.214889,78.88033,26.9,35100,21.20025001,6.5,9.72,7.28,0.51,0.81,2.61,3.42,6.705882353,-4.74,7.574,-26.776,0.412274698,3.977847339,intermediate,intermediate,Cayapas Mataje,Channel_Shrimp_Inlet
171120_4,1.216528,78.88072,26.8,35100,21.24559696,4.3,8.84,7.28,0.09,0.49,1.23,1.72,19.11111111,0.28,1.026,-25.552,0.220168834,1.832410306,intermediate,intermediate,Cayapas Mataje,Main_Channel_Shrimp
171120_5,1.220556,78.88036,26.9,35167,21.24496178,2.3,8.39,7.26,0.17,0.51,2.1,2.61,15.35294118,-0.11,1.46,-28.427,0.417294091,2.164700217,intermediate,intermediate,Cayapas Mataje,Main_Channel_Shrimp
171120_6,1.221417,78.88069,26.9,35188,21.25897832,2.3,8.37,7.28,0.12,0.28,1.99,2.27,18.91666667,0.35,,,,,intermediate,intermediate,Cayapas Mataje,Main_Channel_Shrimp
171120_7,1.234722,78.91319,27.5,34336,20.42905308,3.7,7.53,7.42,0.23,1.14,2.78,3.92,17.04347826,0.24,1.058,-27.163,0.339493498,2.097279075,intermediate,intermediate,Cayapas Mataje,Channel_Mangrove
171120_8,1.234611,78.91481,27.5,34330,20.42511279,2.4,6.72,7.44,0.17,0.83,1.77,2.6,15.29411765,-0.12,,,,,intermediate,intermediate,Cayapas Mataje,Channel_Mangrove
171120_9,1.233944,78.91667,27.5,34511,20.54401921,3.4,9.12,7.95,0.3,1.21,2.85,4.06,13.53333333,-0.74,,,,,intermediate,intermediate,Cayapas Mataje,Channel_Mangrove
171120_10,1.232722,78.91825,27.5,34874,20.78274351,3.2,7.19,7.47,0.28,1.15,2.35,3.5,12.5,-0.98,1.177,-28.585,0.336527493,2.232121358,intermediate,intermediate,Cayapas Mataje,Channel_Mangrove
171120_11,1.232972,78.91992,27.6,33863,20.0762212,1.4,8.29,7.55,0.21,1.18,2.24,3.42,16.28571429,0.06,4.191,-29.005,0.293862651,1.945581507,intermediate,intermediate,Cayapas Mataje,Main_Channel_Shrimp
171120_12,1.234472,78.92175,27.6,34179,20.28304505,1.7,11.56,7.48,0.29,1.23,2,3.23,11.13793103,-1.41,1.906,-27.601,0.282683094,1.876956417,intermediate,intermediate,Cayapas Mataje,Main_Channel_Shrimp
171120_13,1.232278,78.91269,27.8,34942,20.69594729,8.5,7.5,7.49,0.29,1.96,3.11,5.07,17.48275862,0.43,,,,,intermediate,intermediate,Cayapas Mataje,Mangrove_inlet
171120_14,1.232861,78.91217,27.8,35278,20.91585999,7.7,8.03,7.47,0.27,1.02,2.53,3.55,13.14814815,-0.77,,,,,intermediate,intermediate,Cayapas Mataje,Mangrove_inlet
171120_15,1.233417,78.91156,27.8,35715,21.20230603,12.9,11.64,7.6,0.22,0.97,1.95,2.92,13.27272727,-0.6,,,,,intermediate,intermediate,Cayapas Mataje,Mangrove_inlet
171120_16,1.234722,78.91331,27.9,35205,20.82414889,7.4,11.28,7.76,0.21,0.59,1.51,2.1,10,-1.26,,,,,intermediate,intermediate,Cayapas Mataje,Channel_inlet
171120_17,1.233861,78.91683,27.8,36070,21.43535791,7.8,11.14,7.79,0.2,0.48,1.92,2.4,12,-0.8,,,,,intermediate,intermediate,Cayapas Mataje,Channel_inlet
171120_18,1.232944,78.91997,27.8,36752,21.88396994,4.9,9.52,7.82,0.19,0.29,1.02,1.31,6.894736842,-1.73,,,,,intermediate,intermediate,Cayapas Mataje,Main_Channel_Shrimp
171120_19,1.232194,78.91619,27.8,35167,20.84317851,5.4,7.96,7.7,0.32,1.65,2.7,4.35,13.59375,-0.77,0.687,-26.248,0.346566279,2.488562485,intermediate,intermediate,Cayapas Mataje,Mangrove_inlet
171120_20,1.23275,78.91647,27.9,35348,20.91760364,6.1,8.03,7.72,0.19,0.72,1.84,2.56,13.47368421,-0.48,0.538,-25.453,0.32397901,2.217673971,intermediate,intermediate,Cayapas Mataje,Mangrove_inlet
171120_21,1.233139,78.91661,27.8,36055,21.42550422,6.2,9.22,7.85,0.17,0.39,1.32,1.71,10.05882353,-1.01,,,,,intermediate,intermediate,Cayapas Mataje,Mangrove_inlet
171121_1,1.255278,78.88725,27.7,38434,23.04395244,3,6.89,6.95,,,,,,,,,,,low,low,Cayapas Mataje,Tambillo
171121_2,1.25525,78.88831,27.5,38698,23.3179133,2.8,6.97,7.07,,,,,,,,,,,low,low,Cayapas Mataje,Tambillo
171121_3,1.255583,78.88889,27.5,38762,23.36065506,2.4,7.48,7.18,,,,,,,,,,,low,low,Cayapas Mataje,Tambillo
171121_4,1.255722,78.89067,27.5,38603,23.25448724,1.6,6.31,7.25,,,,,,,,,,,low,low,Cayapas Mataje,Tambillo
171121_5,1.256889,78.89328,27.6,38719,23.28256228,2.5,7.99,7.3,,,,,,,,,,,low,low,Cayapas Mataje,Tambillo
171121_6,1.258444,78.89517,27.8,38484,23.02847699,2.9,6.57,7.38,,,,,,,,,,,low,low,Cayapas Mataje,Tambillo
171121_7,1.253361,78.88644,27.5,38880,23.43948684,3.4,7.84,7.47,,,,,,,,,,,low,low,Cayapas Mataje,Tambillo
171121_8,1.252694,78.88694,27.6,38541,23.1639861,1.6,6.34,7.48,,,,,,,,,,,low,low,Cayapas Mataje,Tambillo
171121_9,1.251694,78.88739,27.6,38532,23.15799276,1.7,7.07,7.5,,,,,,,,,,,low,low,Cayapas Mataje,Tambillo
171121_10,1.250611,78.88831,28.5,38142,22.4691898,2.6,7.54,7.53,,,,,,,,,,,low,low,Cayapas Mataje,Tambillo
171121_11,1.334361,78.88419,27.7,41040,24.78332206,2,6.63,7.62,,,,,,,,,,,low,low,Cayapas Mataje,Panpanal
171121_12,1.331222,78.88094,28,42205,25.40473327,2.3,6.85,7.66,,,,, ,,,,,,low,low,Cayapas Mataje,Panpanal
171121_13,1.331944,78.87922,28.1,41362,24.78926067,2.5,6.92,7.72,,,,,,,,,,,low,low,Cayapas Mataje,Panpanal
171121_14,1.332444,78.87789,28.5,41771,24.85222719,18.1,7.64,7.73,,,,,,,,,,,low,low,Cayapas Mataje,Panpanal
171122_1,1.290278,78.80983,28.1,37657,22.33951949,7.7,8.3,,,,,,,,,,,,low,low,Cayapas Mataje,SL_channel
171122_2,1.291833,78.81308,28.2,38000,22.51757689,5.7,7.24,,,,,,,,,,,,low,low,Cayapas Mataje,SL_channel
171122_3,1.293306,78.81594,28.3,38477,22.78299921,5.7,9.35,,,,,,,,,,,,low,low,Cayapas Mataje,SL_channel
171122_4,1.295472,78.81639,28.6,38967,22.96016068,5.7,6.31,,,,,,,,,,,,low,low,Cayapas Mataje,SL_channel
171122_5,1.297056,78.81739,27.8,38633,23.12728344,2.2,5.26,,,,,,,,,,,,low,low,Cayapas Mataje,SL_channel
171122_6,1.297889,78.81778,28.5,38588,22.76035824,2.6,7.9,,,,,,,,,,,,low,low,Cayapas Mataje,SL_channel
171122_7,1.30725,78.80375,28,38443,22.90454851,3.7,9.27,,,,,,,,,,,,low,low,Cayapas Mataje,SL
171122_8,1.304472,78.80714,28.1,38331,22.7826807,2.2,8.85,,,,,,,,,,,,low,low,Cayapas Mataje,SL
171122_9,1.302583,78.81114,28.4,38393,22.68037,2,9.53,,,,,,,,,,,,low,low,Cayapas Mataje,SL
171122_11,1.296111,78.81939,27.8,38862,23.27924694,2.1,8.7,,,,,,,,,,,,low,low,Cayapas Mataje,SL
171122_12,1.294556,78.82275,28,39048,23.30430717,2.1,10.48,,4.38,2.41,7.49,9.9,2.260273973,-60.18,,,,,low,low,Cayapas Mataje,SL
171124_1,0.445361,80.03856,24,50978,34.22318104,5.6,24.92,7.12,1.74,2.5,8.92,11.42,6.563218391,-16.42,,,,,high,high,Bolivar,Bolivar_mangrove
171124_2,0.445722,80.03806,24,51021,34.25561176,6.9,26.6,7.37,,,,,,,,,,,high,high,Bolivar,Bolivar_mangrove
171124_6,0.446,80.03558,23.9,51097,34.39010237,5.8,27.07,0,,,,,,,,,,,high,high,Bolivar,Bolivar_mangrove
171124_8,0.449333,80.03836,23.6,52467,35.66901241,7,123.56,8,,,,,,,,,,,pond,pond,Bolivar,Pond
171124_9,0.449333,80.03836,23.6,52467,35.66901241,7,123.65,7.96,2.86,24.1,13.4,37.5,13.11188811,-8.26,,,,,pond,pond,Bolivar,Pond
171125_1,0.465361,79.964,23.8,7830,4.443956885,15.3,64.59,7.26,,,,,,,,,,,high,high,Muisne,Bilsa_transect
171125_2,0.632694,79.96611,24,10099,5.815279006,17.9,71.89,7.31,2.7,21.1,16.9,38,14.07407407,-5.2,,,,,high,high,Muisne,Bilsa_transect
171125_3,0.631417,79.96819,24.1,12667,7.408273799,17.2,70.82,7.33,,,,,,,,,,,high,high,Muisne,Bilsa_transect
171125_4,0,0,24.2,13400,7.855372359,16.5,69.04,7.36,2.96,16.4,22.3,38.7,13.07432432,-8.66,,,,,high,high,Muisne,Bilsa_transect
171125_5,0.628667,79.97083,24.2,16219,9.660216707,15,65.48,7.35,,,,,,,,,,,high,high,Muisne,Bilsa_transect
171125_6,0.628222,79.97314,24.1,18793,11.36211177,13.7,63.7,7.37,5.18,12.8,26.4,39.2,7.567567568,-43.68,,,,,high,high,Muisne,Bilsa_transect
171125_7,0.628306,79.97489,24.2,20658,12.56774055,13.1,63.18,7.41,,,,,,,,,,,high,high,Muisne,Bilsa_transect
171125_8,0.625944,79.97597,24.3,23371,14.3483519,13.7,52.22,7.39,3.28,8.15,27,35.15,10.71646341,-17.33,,,,,high,high,Muisne,Bilsa_transect
171125_9,0.62475,79.97692,24.2,26392,16.42713023,10.2,45.24,7.38,,,,,,,,,,,high,high,Muisne,Bilsa_transect
171125_10,0.624639,79.98014,24.4,28820,18.01337991,9.3,37.84,7.38,2.72,5.84,21.4,27.24,10.01470588,-16.28,,,,,high,high,Muisne,Bilsa_transect
171125_11,0.623972,79.98247,24.4,31422,19.81064745,9.5,29.37,7.09,,,,,,,,,,,high,high,Muisne,Bilsa_transect
171125_12,0.623833,79.98789,24.4,34837,22.19923293,8.8,24.07,,2.35,5.07,14,19.07,8.114893617,-18.53,,,,,high,high,Muisne,Bilsa_transect
171125_13,0.62425,79.99036,24.4,37510,24.09167124,8.5,22.11,7.34,,,,,,,,,,,high,high,Muisne,Bilsa_transect
171125_14,0.62075,79.99297,24.4,39207,25.30328927,7.5,23.56,,2.02,4.67,10.5,15.17,7.50990099,-17.15,,,,,high,high,Muisne,Bilsa_transect
171125_15,0.617556,79.99456,24.4,41711,27.10528106,6.7,20.61,7.43,,,,,,,,,,,high,high,Muisne,Bilsa_transect
171125_16,0.61875,79.99869,24.4,43046,28.07284849,7.5,20.94,,1.76,4.45,5.47,9.92,5.636363636,-18.24,,,,,high,high,Muisne,Bilsa_transect
171125_17,0.617528,80.00092,24.4,44183,28.90063216,7.1,19.67,7.48,,,,,,,,,,,high,high,Muisne,Bilsa_transect
171125_18,0.615194,80.00375,24.3,45086,29.62634754,7.3,18.27,,2.11,5.24,10.7,15.94,7.55450237,-17.82,,,,,high,high,Muisne,Bilsa_transect
171125_19,0.614306,80.00817,24.4,45898,30.15566082,5.6,15.27,7.5,,,,,,,,,,,high,high,Muisne,Bilsa_transect
171125_20,0.611,80.00781,24.4,46795,30.81515034,5.3,13.63,,1.96,4.81,6.18,10.99,5.607142857,-20.37,,,,,high,high,Muisne,Bilsa_transect
171125_21,0.607639,80.01086,24.8,48676,31.91997486,6.9,6.35,7.31,0.15,0.09,0.03,0.12,0.8,-2.28,,,,,high,high,Muisne,Muisne river
171125_22,0.608722,80.00992,24.4,47098,31.03839587,4.5,11.24,,0.19,0.03,0.16,0.19,1,-2.85,,,,,high,high,Muisne,Muisne river
171125_23,0.609222,80.00917,24.5,46782,30.73713035,5,13.18,7.56,0.21,0.02,0.18,0.2,0.952380952,-3.16,,,,,high,high,Muisne,Muisne river
171125_24,0.611167,80.013,24.4,47932,31.65410957,3.9,10.01,,0.26,0.02,0.29,0.31,1.192307692,-3.85,,,,,high,high,Muisne,Muisne river
171125_25,0.613028,80.01589,24.4,48317,31.93895278,6.2,7.96,7.66,0.23,0.01,0.06,0.07,0.304347826,-3.61,,,,,high,high,Muisne,Muisne river
171126_8,0.627611,80.03414,24.5,49584,32.8059008,2.6,5.41,,,,,,,,1.076,-24.644,0.42,2.14,high,high,Muisne,Ocean_Muisne
171126_9,0.620694,80.02728,24.4,49377,32.72518647,2.8,6.6,,,,,,,,2.785,-27.582,0.2,1.12,high,high,Muisne,Ocean_Muisne
171126_10,0.613778,80.01636,24.3,48736,32.32138452,3.5,7.79,,,,,,,,1.199,-27.012,0.21,2.39,high,high,Muisne,Muisne river
171126_11,0.610833,80.01372,24.4,48280,31.9115615,3.7,8.36,,,,,,,,,,,,high,high,Muisne,Muisne river
171126_12,0.608389,80.01033,24.4,48066,31.75320606,3.8,8.78,,,,,,,,1.603,-27.389,0.47,2.48,high,high,Muisne,Muisne river