ID,171116_17,171119_8,171116_23,171119_12,171117_8,171118_11,171117_16,171117_14,171122_2,171117_12,171120_8,171121_10,171122_8,171125_5,171116_11,171126_3,171121_11,171116_16,171116_12,171125_14,171125_15,171117_17,171126_2,171121_12,171116_6,171118_16,171117_3,171125_23,171125_19,171119_3,171117_21,171116_10,171126_10,171121_2,171121_1,171126_11,171120_20,171120_5,171125_21,171116_20,171116_19,171118_14,171116_21,171125_13,171125_1,171125_22,171125_7,171120_18,171126_4,171125_25,171116_1,171125_11,171116_22,171120_17,171119_9,171125_18,171116_18,171119_4,171119_11,171120_14,171120_3,171121_7,171120_2,171125_16,171119_10,171117_22,171124_8,171120_15,171126_8,171122_4,171120_1,171122_11,171120_19,171117_6,171117_18,171117_20,171118_3,171121_4,171117_9,171125_4,171121_5,171120_16,171120_6,171119_7,171118_2,171120_7,171119_6,171117_13,171120_9,171122_12,171126_6,171117_2,171125_2,171118_9,171125_6,171118_1,171120_13,171118_13,171120_11,171126_9,171120_12,171116_14,171126_7,171116_7,171125_9,171121_13,171116_15,171125_12,171121_3,171121_8,171117_19,171121_6,171124_1,171117_4,171117_1,171125_3,171116_5,171118_17,171117_15,171117_11,171122_9,171126_1,171121_9,171116_2,171125_17,171117_10,171116_4,171120_4,171118_5,171122_1,171122_5,171116_3,171120_21,171116_9,171118_15,171117_7,171124_6,171122_7,171125_20,171116_24,171119_2,171122_6,171117_5,171126_5,171121_14,171125_10,171122_3,171116_8,171116_13,171126_12,171120_10,171118_4,171119_1,171125_8,171118_8,171118_12,171119_5,171118_10,171118_6,171118_7,171124_2,171124_9,171125_24,Enzyme_Name
1.7.99.4,1583,18805.83333,2027.566667,13093.1,793.15,2125.033333,1531.366667,1271.566667,7757.360215,1248.75,2502.866667,4771.041667,4031.958333,2899.644943,2610.8,383.5057899,5514.833333,1411.725,3824.45,25165.53205,21654.66667,1575.466667,260.625,5400.5,1880.130653,4551.4,1565.766667,30464.16667,31488.33333,21469.44086,850.15,2143.933333,20938.44697,6390.416667,12489.16129,21449.25,1539.916667,29599.43817,7985.686325,1405.566667,1987.116667,3406.666667,2791.45,15736.41667,1616.952564,33323.28846,4678.561681,2400.816667,934.6612903,27286,3812.316667,11728.5,869.0333333,2699.566667,28616.25,34886.3859,1535.409524,28642.69048,9134.5,5086.1,32811.02688,5198,30579.76667,3,18344.5,719.15,924.1666667,3243.45641,7643.5,2597.75,29190.24167,6232.208333,3426.816667,1679.15,1492.825641,911.0333333,2339.483333,5673,1426.196154,1927.776923,5856,2716.45,25977.80108,20814.5,1498.633333,11657.85,4765.5,916.3785714,16504,3872.375,2262.833333,2987.855556,1690.180912,3464.533333,8034.769658,1858.666667,4743.233333,3039,14929.88333,14849,19658.6,2506.166667,2872.666667,2716.833333,11607.52821,6786.041667,1621.5,20806.57692,6129.583333,4372.416667,1048.833333,3670.166667,36522.23333,1164.766667,1302.066667,1896.920513,1937.966667,4713,1766.511538,991.5333333,3256.333333,374.646978,4928.833333,1875.883333,35491.96667,793.55,1859.966667,29657.13333,3393.542857,8132.916667,3055.583333,1914.938095,3566.65,2521.266667,2572.366667,1160.833333,26003.9,4846.744624,20984.33333,1426.6,30690,2891.666667,1957.472222,1881.282051,4834.388978,14192.86795,5433.875,1525.5,2249.760215,11646.83333,6946.5,2652.883333,23008.19462,18668.41667,2941.85,2149.5,23039.96398,1430.966667,1652.55,2012.5,31524.5,1499.4,23215.25,Nitrate reductase.           
1.9.6.1,35,23,64,62,13,23,34,12,0,21,0,20,16,153,56,0,44,65,38,25,13,21,0,35,39,62,0,0,17,26,13,29,0,25,38,0,8,0,156,112,63,27,114,21,71,10,120,7,0,15,39,48,44,22,0,0,20,0,42,24,0,29,19,0,0,9,19,0,6,0,37,0,0,26,6,5,45,22,14,120,0,0,0,10,24,19,0,17,18,0,0,0,92,70,288,36,22,0,22,0,25,65,0,24,136,64,64,30,0,18,10,0,0,0,0,106,57,19,0,15,0,0,0,60,4,5,95,1,55,0,0,143,43,37,69,15,0,0,17,64,0,8,0,7,41,102,0,23,44,0,7,44,0,15,28,0,13,18,21,24,10,43,8,Nitrate reductase (cytochrome).           
1.7.2.1,84.15,89.21904762,129.6666667,166.7904762,237,82.33333333,467.1333333,256.4666667,99.12142857,316.7333333,73.6,90.08333333,73.77380952,507.8166667,118.4333333,181.7083333,167.0190476,98.83333333,92.2047619,288.95,231.7,472.1,207.7083333,135.9333333,201.9742424,139.0666667,530.3,252.3166667,326.6833333,85.76190476,112.0333333,114.7333333,263.8636364,110.0238095,235.147619,304.65,51.36666667,31.33333333,602.5,196.4,138.652381,108.0428571,210.0095238,122.5833333,595.4,284.5333333,438.9166667,56.87142857,237.875,236.8166667,94.98333333,234.7,94.76666667,103.1619048,78.05952381,388.45,60.06666667,60.33333333,85.33333333,116.1357143,67,77.07142857,243.0285714,0,82.64285714,133.4666667,1017.533333,90.29047619,212.75,70.60714286,380.45,135.4,84.55238095,494.3,210.3666667,94.2,95.46190476,87.90952381,257.7333333,348.85,89.13333333,103.2595238,31.33333333,60.66666667,66.9952381,85.41666667,53.33333333,221,96.80952381,102.4333333,404.9166667,157.6666667,409.5666667,116.8595238,976.35,119.7714286,135.8857143,63.12857143,130.05,238.0833333,107.7261905,125.252381,200.7916667,80,378.05,210.9404762,73.14285714,292.7,102.5333333,67.99761905,138.8,89.5,328.9833333,379.3,506.4666667,493.6333333,181.5833333,104.7619048,294.8666667,244,88.99047619,264.5,72.12857143,104.247619,335.0833333,150.7,181.6285714,49.83333333,143.6333333,112.7,71.31190476,256.4666667,140.147619,118.8333333,151.8119048,248.3166667,286.05,130.6,252.5333333,115.247619,106.6666667,81.55952381,138,326.875,185.9666667,302.4166667,74.61904762,72.26666667,120.0190476,216,60.8,93.47619048,76.16666667,303.002381,79.52380952,37.83333333,61.91666667,36.66666667,58.2,131.7428571,444.4666667,1333.666667,142.9166667,Nitrite reductase (NO-forming).           
1.7.99.7,0,5.333333333,0,10.66666667,28,0,61.33333333,26.66666667,2.166666667,43.16666667,0,7.333333333,0,34.66666667,0,0,5.333333333,25.66666667,2.666666667,82.66666667,65.33333333,60,0,4.666666667,9,7,21,90.66666667,91.33333333,13.33333333,11.33333333,2.333333333,23.33333333,7.333333333,14.33333333,31.83333333,4.666666667,45.33333333,61.33333333,1.5,1,1.666666667,11.83333333,28,30.66666667,82,38,0,4.5,72,0,34,0,4,12.66666667,140.3333333,0,46,3,41.33333333,67.33333333,0,141.8333333,0,6,13.33333333,61,3.333333333,0,0,126.6666667,0,25.33333333,55.33333333,39.66666667,16.66666667,5,0,33.33333333,18,0,0,24,24.66666667,5.833333333,18.66666667,0,20.66666667,18.66666667,0,0,12,3,1,77,2,40,0,12.66666667,22,41.33333333,0,0,4.666666667,40.66666667,7.5,0,45.33333333,0,0,20.66666667,3.333333333,62.66666667,13.5,27.5,33.66666667,18.66666667,0,41.16666667,22,0,0,0,0,94,34,0,44,25.5,0,0,0,9,0,2.333333333,24.66666667,68,0,85.5,0,15.16666667,0,0,0,11.83333333,41.33333333,0,0,7.5,26,7.333333333,0,14.66666667,39.33333333,0,4,19.33333333,5.333333333,4.666666667,14.16666667,86,120.8333333,53.33333333,Transferred entry: 1.7.2.5.           
1.7.99.6,6.5,8.666666667,0,7,14,8,29.66666667,13.33333333,5.5,19.33333333,0,2.5,0,39,0,2.266666667,2.333333333,7.333333333,2.066666667,56.16666667,66,30,0,4.666666667,8.5,2.333333333,28,57.16666667,82.83333333,0,5.666666667,2.333333333,16.16666667,0,0,16.83333333,2.333333333,15,60.33333333,0,1,1.666666667,3.666666667,22.83333333,109.9166667,71.66666667,37.5,0,0,56.16666667,18.5,13.33333333,0,0,5.5,92.5,0,18,3,21.5,0,0,37.16666667,0,13,10.66666667,36.33333333,0,0,0,61.5,0,10,27.66666667,13.33333333,5.333333333,5,7.4,13.66666667,50.75,0,0,26,0,0,11.5,1,10.33333333,10,0,2.6,0,40.25,10.5,78.91666667,0,57.66666667,0,26.56666667,0,15.76666667,0,0,0,47.08333333,20.5,0,38.16666667,1.6,6.5,10.33333333,0,55.5,22.33333333,21.83333333,77,15.7,0,23.83333333,11,0,0.933333333,0,0,63.83333333,17,0,25.5,3,12,5.5,0,5.333333333,0,5.833333333,20.83333333,49.83333333,0,52,0,11,9.5,0,2.266666667,6.333333333,37.83333333,0,0,10,9,12,0,0,35.16666667,0,0,13.5,0,2.333333333,10.83333333,112.5,50.66666667,30.83333333,Transferred entry: 1.7.2.4.           
1.7.2.2,205.8888889,241.3558673,197.5,931.9373767,271.9930966,144.25,391.3010204,268.2761341,100.6388889,293.4481293,91.49112426,98.94927536,38.08290816,1131.130435,295.5236686,47.02241599,148.25,317.3405797,261.183432,476.6666667,445.4666667,421.4787512,28.80512422,186.1042036,455.5362664,489.1702899,578.1666667,484.3333333,522.5666667,248.566568,202.5125165,139.25,163.8333333,127,284.8394149,232.2783267,137.3442029,14.33333333,1345.437755,950.0547619,332.9306418,175.7380952,777.4878441,451.6,694.357971,463,1363.599034,139.0692641,51.70761968,487.6666667,302.8466469,749.2948718,324.4039116,257.1896259,60.5,790.7666667,126.2317177,142.5,637.5,135,106.1883629,87.41666667,250.9166667,0,307.8703231,106.6466837,845.9,232.9270217,111.942029,33,483.6666667,79.84782609,131.8571429,466.2095238,330.7001972,187.6818182,221.0209486,112.8333333,295.2272727,1187.065217,48,259.1981293,39.33333333,152,137.41626,166,211,187.8571429,90.66666667,51.66666667,151.4432685,220.3636364,937.02657,319.5,2657.354348,261.0046769,160.7583826,71.76190476,365.5350099,95.25879917,127.7104592,420.3235143,53.21058771,91.9265286,766.7333333,201.3817103,403.1666667,394.8333333,105.522534,76.92857143,211.1768707,72.78571429,508.7619048,379.25,481.2470356,801.5471014,389.1111111,160.9409014,483.5151515,201.7421105,53.36495389,52.37521898,50.51913265,276.75,577.9760355,168.2142857,310.8747535,25.83333333,451.5357143,70.48224852,39,872.2393491,321.8595563,255.107568,381.9587585,340.5522682,563.9175824,74.81479222,521.4166667,398.8333333,196.2376726,76.71045918,145.6666667,118.2739045,262.4963768,1050.303254,84.97101449,99.5,286.423913,94,118.0663265,280.4722222,156.1666667,190.8333333,160.7575758,89.5,87.33333333,115.5,121.2857143,232.4053254,849.3809524,2332.95,201.5,Nitrite reductase (cytochrome; ammonia-forming).           
1.7.3.4,0,2.666666667,0,3.666666667,17.5,3,41.66666667,23.83333333,0,33.83333333,0,0,0,15,0,0,0,0,0,22.66666667,24,36.5,0,0,0,0,52,33.66666667,32.33333333,0,5.666666667,0,11.66666667,0,0,9.333333333,2.333333333,0,22.33333333,0,0,0,3.666666667,7.333333333,15.33333333,28.66666667,17,0,0,23.66666667,0,13.33333333,0,2,0,46,0,0,0,0,0,0,15.66666667,0,3,6.666666667,19.66666667,0,0,0,17,0,0,27.66666667,9.666666667,5.333333333,0,0,17.16666667,9,0,0,0,0,0,0,0,25.83333333,0,0,0,5.2,0,0,32.66666667,0,8.666666667,0,0,0,0,0,0,0,16.33333333,0,0,12.66666667,0,0,10.33333333,0,13,15,25.5,14,0,0,32.33333333,11,0,0,0,0,31.33333333,20.5,2,0,3,0,0,4.5,3.666666667,0,0,12.33333333,14.33333333,0,33,0,0,0,1.4,0,0,15.33333333,0,0,0,9,0,0,0,12.66666667,0,0,0,0,2.333333333,3.333333333,23,28.66666667,16.33333333,Transferred entry: 1.7.2.6 and 1.7.3.6.           
1.7.99.4,1583,18805.83333,2027.566667,13093.1,793.15,2125.033333,1531.366667,1271.566667,7757.360215,1248.75,2502.866667,4771.041667,4031.958333,2899.644943,2610.8,383.5057899,5514.833333,1411.725,3824.45,25165.53205,21654.66667,1575.466667,260.625,5400.5,1880.130653,4551.4,1565.766667,30464.16667,31488.33333,21469.44086,850.15,2143.933333,20938.44697,6390.416667,12489.16129,21449.25,1539.916667,29599.43817,7985.686325,1405.566667,1987.116667,3406.666667,2791.45,15736.41667,1616.952564,33323.28846,4678.561681,2400.816667,934.6612903,27286,3812.316667,11728.5,869.0333333,2699.566667,28616.25,34886.3859,1535.409524,28642.69048,9134.5,5086.1,32811.02688,5198,30579.76667,3,18344.5,719.15,924.1666667,3243.45641,7643.5,2597.75,29190.24167,6232.208333,3426.816667,1679.15,1492.825641,911.0333333,2339.483333,5673,1426.196154,1927.776923,5856,2716.45,25977.80108,20814.5,1498.633333,11657.85,4765.5,916.3785714,16504,3872.375,2262.833333,2987.855556,1690.180912,3464.533333,8034.769658,1858.666667,4743.233333,3039,14929.88333,14849,19658.6,2506.166667,2872.666667,2716.833333,11607.52821,6786.041667,1621.5,20806.57692,6129.583333,4372.416667,1048.833333,3670.166667,36522.23333,1164.766667,1302.066667,1896.920513,1937.966667,4713,1766.511538,991.5333333,3256.333333,374.646978,4928.833333,1875.883333,35491.96667,793.55,1859.966667,29657.13333,3393.542857,8132.916667,3055.583333,1914.938095,3566.65,2521.266667,2572.366667,1160.833333,26003.9,4846.744624,20984.33333,1426.6,30690,2891.666667,1957.472222,1881.282051,4834.388978,14192.86795,5433.875,1525.5,2249.760215,11646.83333,6946.5,2652.883333,23008.19462,18668.41667,2941.85,2149.5,23039.96398,1430.966667,1652.55,2012.5,31524.5,1499.4,23215.25,Nitrate reductase.           
1.7.99.1,27.66666667,20,13.16666667,0,18,25,61.5,59.16666667,43.72222222,70.5,0,27.61111111,18,36.31481481,0.666666667,74.1025641,35.94444444,49,21.61111111,39,26.33333333,18.5877193,93.5,28.5,278.8333333,25.16666667,106.1666667,36.5,55.5,25,68.83333333,4.666666667,47.61111111,54.05555556,128.0555556,43.66666667,20.33333333,19.38888889,33.88888889,0,2.666666667,22.5,3,24,51.5,49.66666667,28.7962963,26.22222222,84.5,34.38888889,58.33333333,0,7,58.05555556,29.55555556,57.83333333,4.833333333,29.33333333,10,22.55555556,23.55555556,19.33333333,53.16666667,0,1.888888889,43.66666667,42.5,61.94444444,53.5,5.333333333,75.72222222,58.05555556,22.61111111,16.83333333,61,57.33333333,50,22.05555556,84.16666667,24.66666667,24,39,21.83333333,38.16666667,21.16666667,6.888888889,1,2,11.94444444,4.166666667,179.7222222,30.5,38.46296296,3.333333333,56.88888889,67.66666667,42.72222222,0,24.44444444,52,27.77777778,149.3333333,68.72222222,11.5,29.5,64.5,28,31,31.16666667,16.5,11,20.16666667,63.33333333,45.66666667,59.66666667,47.16666667,65,8.833333333,134.3333333,48,5.166666667,108.3076923,18.66666667,32.16666667,52.83333333,16.5,0.833333333,8.466666667,79,87.66666667,22.77777778,33.83333333,46.77777778,7,15.5,34.33333333,76,39.77777778,26.11111111,5.5,24.05555556,4,14.5,149.2820513,106,34.5,36,0,120.1666667,32.11111111,11.27777778,82.66666667,34.33333333,33.55555556,26.5,0,42.61111111,12.16666667,51.66666667,36.66666667,59.33333333,104,27.88888889,Hydroxylamine reductase.           
1.7.99.8,,,,,,,,,,,,,,,,,,,,,,,,,,,,,,,,,,,,,,,,,,,,,,,,,,,,,,,,,,,,,,,,,,,,,,,,,,,,,,,,,,,,,,,,,,,,,,,,,,,,,,,,,,,,,,,,,,,,,,,,,,,,,,,,,,,,,,,,,,,,,,,,,,,,,,,,,,,,,,,,,,,,
3.6.3.21,1680,345,915,520,960,1525,1625,1645,3685,1420,730,2460,3290,383.5454545,1725,2690,3805,845,1630,1960,1355,1365,3290,3130,681.3333333,2200,105,2080,1730,745,1395,1180,3835,3405,6455,2540,1160,1330,1822,275,845,1685,1415,1215,117.0454545,2900,1086,3075,4165,1870,1510,1160,730,3335,1830,2385,560,735,225,2670,1300,2770,1325,45,475,1390,2440,2930,4160,2115,820,4960,2555,1490,1545,1145,2595,3225,2155.666667,370.3181818,3200,3115,895,630,1800,2275,95,630,3395,1775,6658,345.4,80.5,2115,1472.318182,1805,2625,1725,2940,4890,4005,3210,2530,3100,1800.5,4165,1855,2000,2805,1935,985,2845,1670,100,175,371.9090909,1730,2350,2730,2105,3090,3810,2435,1430,1955,1875,400,905,3090,3625,2325,165,3600,1545,275,1515,1230,4390,1215,490,1060,2145,107.8,5491.833333,2170,1780,3430,565,2070,3005,1835,2460,1270,3720,3260,505,805,1295,1950,1770,1515,5410,1770,Transferred entry: 7.4.2.1.           
3.6.3.22,0,0,0,0,0,0,0,0,0,0,0,0,0,144,0,0,0,0,0,0,0,0,0,0,0,0,0,0,0,0,0,0,0,0,0,0,0,0,96,0,0,0,0,0,349.5,0,123,0,0,0,0,0,0,0,0,0,0,0,0,0,0,0,0,0,0,0,0,0,0,0,0,0,0,0,0,0,0,0,0,250.5,0,0,0,0,0,0,0,0,0,0,0,0,241.5,0,226.5,0,0,0,0,0,0,0,0,0,61.5,0,0,0,0,0,0,0,0,0,0,258,0,0,0,0,0,0,0,0,0,0,0,0,0,0,0,0,0,0,0,0,0,0,0,0,0,0,0,0,0,0,0,0,0,0,0,0,0,0,0,0,0,0,0,0,0,0,0,Transferred entry: 7.4.2.2.           
3.6.3.23,1008,208,549,312,576,915,975,987,2211,852,438,1476,1974,273,1035,1614,2283,507,978,1176,813,819,1974,1878,408,1320,63,1248,1038,447,837,708,2301,2043,3873,1524,696,798,1122,165,507,1011,849,729,174.75,1740,688.5,1845,2499,1122,906,696,438,2001,1098,1431,336,441,135,1602,780,1662,795,27,285,834,1464,1758,2496,1269,492,2976,1533,894,927,687,1557,1935,1293,296.25,1920,1869,537,378,1080,1365,57,378,2037,1065,3993,201,120.75,1269,950.25,1083,1575,1035,1764,2934,2403,1926,1518,1860,1098.75,2499,1113,1200,1683,1161,591,1707,1002,60,105,300,1038,1410,1638,1263,1854,2286,1461,858,1173,1125,240,543,1854,2175,1395,99,2160,927,165,909,738,2634,729,294,636,1287,63,3294,1302,1068,2058,339,1242,1803,1101,1477.666667,762,2232,1956,303,483,777,1170,1062,909,3246,1062,Transferred entry: 7.4.2.6.           
3.6.3.26,0,0,0,0,0,0,0,0,0,0,0,0,0,0,0,0,0,0,0,0,0,0,0,0,0,0,0,0,0,0,0,0,0,0,0,0,0,0,0,0,0,0,0,0,0,0,0,0,0,0,0,0,0,0,0,0,0,0,0,0,0,0,0,0,0,0,0,0,0,0,0,0,0,0,0,0,0,0,0,0,0,0,0,0,0,0,0,0,0,0,0,0,0,0,0,0,0,0,0,0,0,0,0,0,0,0,0,0,0,0,0,0,0,0,0,0,0,0,0,0,0,0,0,0,0,0,0,0,0,0,0,0,0,0,0,0,0,0,0,0,0,0,0,0,0,0,0,0,0,0,0,0,0,0,0,0,0,0,0,0,0,0,0,Transferred entry: 7.3.2.4.           
3.6.3.31,2108.166667,341,793.6333333,353.8,1201.1,1284.1,2267.6,1997.4,2650.086022,1946.5,575,1551.333333,2239,644.4423077,1088.433333,1718.331989,2405.333333,1897.5,1000.233333,1299.076923,926.6666667,2023.3,2084.708333,2008.333333,761.4,1442.533333,1212.7,1389.5,1210.5,622.6774194,2227.3,858.2,2436.416667,2148.333333,4303.016129,1563.5,934.7,1692.935484,1525.153846,613.3,774.0666667,1018.5,1175.1,785,500.5318681,1916.692308,1121.826923,2116.7,2619.891129,1294.5,1351.633333,835,633.9,2513.833333,1152,1666.346154,725.8666667,606.5,182,1828.152381,1270.419355,1667.166667,1271.333333,27,310,1730.7,2026.666667,2273.4,2620.25,1464.666667,1222.722222,3100.5,1720.319048,1746.566667,2320.6,2119.5,2231.2,1997,1950.366667,720.1346154,1966.5,2377.266667,1318.096774,484.5,1493.166667,1461.2,198,1203.4,2053.833333,1147,4480.583333,4640.336752,481.3635531,1650.566667,1900.270513,2205,1724.833333,1039,1879.4,3046.75,2565.533333,3217.5,1589.125,1872.666667,1302.057692,2750.333333,2590.333333,1261.384615,1688.333333,1168.5,2030.7,1749.666667,1208,1073,820.8,765.3930403,1349.933333,1426.166667,2678.5,2279.533333,2074,2416,1504,1230.433333,1347.666667,1570.6,768.2666667,1143.5,2656.633333,2657,1400.5,1512.866667,2720.133333,1019.2,313.1,1535.3,955.5,2830.516129,845,436.2,826.3333333,1382.666667,3304.844444,3618.541667,2005.224731,1233.923077,2353.730769,339,1976.369355,1920.5,1131.5,2122.466667,879.7827957,2310,2202.8,308,652.6580645,950.2333333,1531.7,1820.766667,1173.666667,3775.333333,1118,Transferred entry: 7.6.2.11.           
3.6.3.32,3080.2,1661.083333,2683,2552.933333,1380.666667,3542.5,2273.333333,2405.266667,4683.258065,2307.166667,1045.25,3192.75,4032,1467,3790,3723.870968,5051.5,2657.4,3285.75,3227.5,2338,2249.333333,5293.5,4962.75,1391.233333,6001.15,307,3053.083333,3516.166667,2334.782258,2066.333333,2853,4715.583333,5115.25,9093.048387,3067.833333,2223.166667,1910.056452,3952.666667,895,2245,3571.5,3754.883333,2361.916667,381.4166667,3547.166667,2403.5,4832.75,5180.548387,2684.75,3357.75,2841.666667,1646,5043,3440.5,4188.25,1706,1965,1392,4254.25,2050.258065,3654,2285.333333,97,2164,2217.333333,2911.25,4450.25,5281.083333,2813,1959.75,5839,4143.5,2356.666667,2777.333333,1877.866667,4841,4282.5,2244.166667,849.25,4712.5,4922,1561.790323,2176.25,3044,3211.25,541,1224,4594.25,3435,9978.75,628,399.25,5364,5066.583333,3477,3943.033333,3481.75,6092.55,4996.416667,6509.25,6901.3,4155.75,3916,3625.166667,7292.4,3932,3394.083333,4516.5,2903.25,1732.666667,3689.5,4016.5,272,831,1008,2905.75,5747.5,3313.666667,2522.333333,3039,7019.5,3189,3651.5,3141.916667,2052.133333,2304.75,1707.5,5954,4464,3116,962,5730.833333,3372.7,2004.2,1643.666667,2771.083333,5148.548387,2567.75,2061,3524.25,2860,261,7474.333333,3909.974194,3336.666667,3207,1860,4332.758065,3635.916667,2596.75,4654.25,3017.748387,5009.833333,5194,1948,1851.324194,2727,3543.666667,3499.666667,3596.5,5792,2824.25,Transferred entry: 7.6.2.9.           
3.6.3.36,1587.583333,593,537.5583333,406.6,840.7,783.075,1821.7,1312.8,1821.387097,1462,320,1000.958333,1254,336.5282051,558.0333333,558.9731183,1105.166667,1719.375,517.2583333,609.8846154,476.9166667,1585.183333,679.5,980.5833333,396.3,701.8583333,1326.9,669,662,611.0483871,1693.1,524.775,1081.416667,1020.5,2015.905914,746.5,516.3583333,1548.709677,724.7692308,528.1,528.3416667,506,715.2,311.5,262.2807692,910.5865385,516.9846154,963.275,868.4475806,657.625,879.8916667,384.5,383.425,1269.916667,859,865.7307692,602.1083333,720.5,197.3333333,776.9833333,1151.887097,860.0416667,1116.166667,9,413.5,1231.9,1138.5,1078.633333,991,863.9166667,1063.5,1447.041667,741.525,1253.466667,1780.075,1788.5,1367.691667,964.5,1110.9,353.8730769,958.5,1220.866667,1351.435484,526.5,873.625,697.9,392,996.05,866.8333333,738.5416667,1693,11102.53968,296.4987179,909.4666667,952.0858974,1713.583333,794.0416667,488.5,944.8833333,1197,1164.858333,2050.791667,561.5,714.4583333,528.0884615,1268.541667,2054.333333,514.4230769,881.8333333,625.25,1801.4,781.9166667,705.125,1154.5,855.9333333,390.8628205,754.0333333,665.6666667,1635.5,1516.858333,1146.291667,802.75,793.7083333,753.5333333,685.0416667,795.2,759.2416667,1212,1589.433333,1776,673.5,1629.608333,1406.725,557.775,277.7,948.6,605.5,1465.864247,507.5,306.4,960,763.5,8014.68254,1374.875,1080.302957,493.6153846,1475,189.5,1090.912097,946.625,510,1188.183333,741.5225806,1064,1005.725,177,657.4612903,471.7583333,849.4,1290.491667,751.5416667,1708.791667,582,Transferred entry: 7.6.2.7.           
3.6.3.37,,,,,,,,,,,,,,,,,,,,,,,,,,,,,,,,,,,,,,,,,,,,,,,,,,,,,,,,,,,,,,,,,,,,,,,,,,,,,,,,,,,,,,,,,,,,,,,,,,,,,,,,,,,,,,,,,,,,,,,,,,,,,,,,,,,,,,,,,,,,,,,,,,,,,,,,,,,,,,,,,,,,
3.6.3.43,586.7,508.6,747.4,652.6,525,385.5,1001,659.8,626.7290323,818.8,126.2,237.7,450.9,392.7128205,214.9,137.1354839,280.3,796.1,167.6,227.1384615,194.2,785,128.4,275.1,165.7,325.5,426.1,160.3,285.4,432.416129,744.2,287.6,202.6,342.5,751.4741935,191.5,182.8,543.4032258,355.6769231,672.3,462.8,231.2,718.9,121.6,465.2230769,247.4461538,323.3384615,209.7,201.6741935,175.3,395.6,106,349.9,386.8,311.8,317.8230769,259.7,336.8,446.8,173.7,369.9290323,181.6,346.6666667,0.8,367.6,596.5,355.2,324.5,331.2,277.9,420.6,484,229.5,777.1,827.4,747.5,492.8,289.3,604.9,305.8923077,269.4,388.1,471.6451613,346.2,306.9,268.4,310.6,544.9,273.2,348.6,493.4,15798.85556,386.1948718,448,838.2435897,694.5,155.2,154,448.8,365.2,363.6,860.7,221.2,134.8,262.5538462,361.6,835.3,139.6923077,282.4,176.4,791.8,223.1,197.1,325.4,462.4,454.8846154,405.8,214.4,808.5,807.6,395.3,131.85,222.8,441.2,269.1,436.5,770.7,408,562.2,646.2,234.4,1188.2,451.6,237.9,298,511.3,182.2,400.5741935,149.2,388.5,595.9,259.5,11473.05556,416.4,369.9870968,213.2615385,433.4,158.8,415.7290323,134.5,156.9,431.4,443.1741935,153.8,306,67.2,246.4870968,216.8,280.8,538.9,225.2,548.8,127.8,Transferred entry: 7.4.2.5.           
1.7.1.1,712,245,425,546,680,633,935,750,1523,698,323,1035,1330,940,822,1150,1567,380,780,1221,756,876,1347,1292,323,1053,82,1302,1043,384,641,558,1805,1402,2649,1248.5,496,532,1614.5,326,418,728,755,829,553,1494,1235,1278,1765,1126,660,1115,379,1404,773,1366,232,325,392,1084,552,1129,643,18,283,616,1214,1232,1848,869,494,2016,1040,885,710,564,1060,1342,986,985,1299,1287,367,327,737,956,122,385,1390,735,2836,182.1666667,642.5,924,2155,774,1076,729,1344,2117,1648,1362,1139,1269,1392,1758,845,1123,1188,827,514,1159,1001,78.33333333,127.8333333,786.6666667,819,989,1327,935,1281,1564,1004,634,1176,831,265,362,1356,1471,955,276,1487,716,187,763,848,1783,754,292,514,915,53.5,2352,980,1539,1409,275,845,1279,773,1032,577,1787,1331,246,369,536,814,766.5,1100,3179,899,Nitrate reductase (NADH).           
1.7.1.2,0,0,0,0,0,0,0,0,0,0,0,0,0,0,0,0,0,0,0,0,0,0,0,0,0,0,0,0,0,0,0,0,0,0,0,0,0,0,0,0,0,0,0,0,0,0,0,0,0,0,0,0,0,0,0,0,0,0,0,0,0,0,0,0,0,0,0,0,0,0,0,0,0,0,0,0,0,0,0,0,0,0,0,0,0,0,1,0,0,0,0,0,0,0,0,0,0,0,0,0,0,0,0,0,0,0,0,0.5,0,0,0,0,0,0,0,0,0,0,0,0,0,0,0,0,0,0,0,0,0,0,0,0,0,0,0,0,0,0,0,0,0,0,0,0,0,0,0,0,0,0,0,0,0,0,0,0,0,0,0,0,0,0,0,Nitrate reductase (NAD(P)H).           
1.7.1.3,0,0,0,0,0,0,0,0,0,0,0,0,0,0,0,0,0,0,0,0,0,0,0,0,0,0,0,0,0,0,0,0,0,0,0,0,0,0,0,0,0,0,0,0,0,0,0,0,0,0,0,0,0,0,0,0,0,0,0,0,0,0,0,0,0,0,0,0,0,0,0,0,0,0,0,0,0,0,0,0,0,0,0,0,0,0,0,0,0,0,0,0,0,0,0,0,0,0,0,0,0,0,0,0,0,0,0,0,0,0,0,0,0,0,0,0,0,0,0,0,0,0,0,0,0,0,0,0,0,0,0,0,0,0,0,0,0,0,0,0,0,0,0,0,0,0,0,0,0,0,0,0,0,0,0,0,0,0,0,0,0,0,0,Nitrate reductase (NADPH).           
1.7.7.2,531.5,576.4166667,541.5,946.8055556,257.4444444,175,491.7777778,281.2777778,528.6111111,333.0555556,59.11111111,306.8333333,501.5,273.8162393,623.25,1943.5,373.5833333,822,716.75,239.3931624,211.8888889,493.8333333,2702,344.0277778,151.75,737.5833333,420.6111111,366.7222222,488.1111111,494.2222222,1911.166667,645.2222222,845.5,342.6666667,866.7777778,433.6666667,189.5,331.5277778,291.8141026,500.75,470,547.3333333,621.5,115.9444444,148.7136752,463.2051282,286.9487179,252.7777778,2721.333333,331.8333333,328.5,194.1111111,365.5,319.2222222,259.5,468.2136752,375.8888889,336.1944444,860.3055556,191.8888889,217.8333333,301.5277778,276.2777778,133,455.5,1159.5,526.3333333,294.75,2483.5,361.0277778,292.7777778,514.9722222,171.6666667,302.6111111,1435.333333,1690.5,377.5,350.1944444,327.3333333,169.965812,321.5277778,326.3333333,266.3611111,371.6944444,274.3333333,160.0833333,503.4444444,157.7777778,187.2222222,478.5833333,7574.166667,2228.888889,77.60683761,396,530.8141026,510.75,139.8333333,271,355.6666667,1462.833333,279.8333333,1263.833333,3083,248,212.8226496,467.2222222,892.8333333,172.7991453,382.9722222,301,1136.833333,373.1944444,496.7777778,229.8888889,313.8333333,175.7094017,383,436.1944444,349.1111111,297.3333333,502.8055556,2828.75,343.8888889,468.5,347.7222222,237.5,465.5277778,202.4444444,598.75,487.1944444,375.75,865.6388889,429.7777778,534.75,678.75,291.0555556,550.9444444,569.1388889,309.9444444,539.75,393.0555556,375.4166667,1598.555556,5109.333333,434.8888889,200.1346154,431.0555556,399,722.5,510.1111111,122.0277778,427.25,426.9444444,673.7777778,300.5,166,335.7777778,153,250,329,624.9444444,658.1666667,273.7222222,Ferredoxin--nitrate reductase.           
1.7.7.1,1999.987097,3193.216667,1765.928438,3420.659168,2993.803418,1132.712366,4066.38692,4022.753996,3277.381376,3855.030672,374.6063266,3114.369533,2504.380364,3442.287653,1310.477151,3100.707757,2030.701441,2245.759593,1648.820713,1674.478246,1174.684186,3576.224049,3638.107711,1595.191935,1126.383333,2421.585569,4595.479913,1767.820052,1968.016702,3150.958955,3929.420616,1708.424561,2184.228359,4910.263766,9914.832664,1724.97972,1038.875564,1458.953948,3195.97359,1887.913441,1671.465648,1921.950538,2132.763441,953.4286871,3225.1403,2032.840885,2939.135623,1212.22957,4100.191118,1563.991618,1501.455886,1616.905955,1184.726436,1951.250538,1681.032479,2223.39953,983.3833333,2060.450101,3380.912037,1191.384416,1809.507515,2695.276343,2502.415542,133.8,2544.815401,2664.738341,4520.966122,2337.750368,4327.150381,1967.226766,3582.325797,2885.130245,1218.694553,3658.649763,3506.439823,3724.592573,1316.082258,3726.498246,2784.079664,2959.88252,3379.758034,1924.900538,1469.811828,2229.455054,1283.320175,1345.791228,3228.552105,3338.161936,1830.00236,3033.108064,11039.82404,6321.491297,2504.055986,1415.736022,6827.042766,1615.984409,1219.60307,1097.626372,2770.606271,2889.191209,2513.116129,3318.913639,4801.321839,1027.955263,2199.976418,2232.69086,2523.68172,1132.983628,3550.335602,2577.880402,2637.822672,3547.165054,2467.237228,4040.759236,4129.663701,3501.45395,2231.323656,1098.875806,3049.850545,4058.982115,2298.607131,3811.757542,3096.665002,1695.537634,1841.16072,2564.49269,1645.464516,1459.713218,2031.399462,2754.322753,1669.216667,2962.968011,2699.641851,1410.10481,1731.886432,2988.755187,2606.85653,2939.153349,1390.670412,1557.192671,2457.452872,2137.855985,3989.635722,7346.980864,2119.51586,2129.714163,2428.115106,801.3408602,1892.836022,1373.758681,978.2166667,1769.24808,2364.523107,2000.479771,1032.481183,395.9,2015.18622,940.8517544,1345.81828,2412.217204,3150.840253,5476.163694,1209.634697,Ferredoxin--nitrite reductase.           
1.7.1.4,606.3888889,4832.5,607.1,3701.6,641.3666667,595.5333333,945.5333333,519.6333333,2036.985337,603.3333333,677,1203,1128.666667,1647.537037,781.7,499.5735318,1438.833333,653,1080.775758,6703,5618.5,951.0047619,348.7738095,1373.5,506.4587302,1343.9,795.5666667,8129.5,8230.5,5470.032258,696.1,616.1272727,5612,1692.5,3256.38172,5666,457.9,7508.639785,3053.888889,742.1714286,649.0857143,932.7380952,982.2,4264,1332.3,8675,2108.171296,621.2571429,698.5534376,7227,1057.266667,3684,301.3,696.5,7307,9158.5,421.4,7263.5,2668,1227.9,8232.758065,1288,7769.75,0,4913,442.4,568.5454545,918.8,2413,752,7493.333333,1682.333333,853.2571429,882.9428571,780.2,774.6666667,638.9,1478.4,606.5666667,1531.666667,1473.5,751.7,6576.790323,5438.5,416.969697,2933.4,1271.5,502.9904762,4098.666667,1141,1602.468422,386.0333333,1269.296296,1010.8,4168.788889,710.6818182,1157.666667,790.4285714,3884.866667,4076.201569,5045.666667,974.6666667,1206.893939,765.1818182,3620,1838.166667,768.3333333,5492,1562.266667,1109.928571,699.4,978.2857143,9519.928571,640,684.7666667,1351.7,610.5111111,1208,904.8333333,526.4,991.1666667,401.2410256,1290.5,552.9272727,9284,329.4142857,695.7,7466.5,1078.794805,2089,839,929.2333333,1060.544444,735.5363636,756.2,530.6,6912,1385.548387,5570,488.0666667,7910,813.6666667,100.4,1295.639627,1323.54086,4473,1476.166667,432,688.4913978,3001.681818,1769.857143,762.8222222,5907.021114,5071,728.1,603.0909091,5845.074194,412.8,502.6857143,655.8666667,8610.714286,1644.5,6002.5,Nitrite reductase (NAD(P)H).           
1.4.1.2,189,124.1111111,162.8333333,427.9333333,370.6666667,120.0555556,440.6666667,271.6111111,97.5,225.8333333,23.66666667,105.2638889,51.61111111,1030.638889,278.1111111,40,163.0694444,196.6111111,266.7777778,487.1111111,251,409.1111111,18.66666667,180.5555556,285.4333333,394.4653595,128.6388889,521.6666667,445.5,105.4444444,156.6111111,222,287.7777778,152.5555556,366.1527778,261.8333333,57.18055556,24.44444444,1139.222222,227.7222222,172.2777778,181.5555556,279.3,360.2222222,660.5833333,393.5555556,999.3333333,140.8333333,58.7875817,437.8333333,160.6111111,688.3333333,108.3333333,271.3366013,98.27777778,532.7222222,84.27777778,52.16666667,329.3333333,93.91666667,42.44444444,77.66666667,210.8611111,0.888888889,151.1111111,105.7777778,493.7222222,209.0694444,178.4444444,45.11111111,318.3611111,111.4607843,102.5490196,344.4444444,222.5,187.0555556,219.2222222,105.6111111,236.3472222,998.75,101.7777778,164.3888889,31.44444444,132.1666667,140.6944444,104.9444444,95.77777778,254,73,50.72222222,171.8888889,158,759.6944444,192.9444444,2089.138889,236.875,174.075,156.1111111,245.4527778,163.7916667,184.4166667,329.4444444,99.25,131.6111111,835.75,322.1535948,193.3333333,379.7777778,195.0138889,72.83333333,174.5,124.3888889,430.375,108.6111111,177.1111111,909.9166667,266.6111111,296.5,323.3333333,156.3333333,52,66.90277778,81,174.7777778,459.6666667,154.3333333,181.2222222,39.86111111,295.25,144.0555556,41.16666667,346.9444444,167.1666667,197.6666667,223.0888889,259,425.1666667,122.4444444,315.8333333,162.3888889,149.0138889,69.61111111,60.5,105.5,326.1555556,870.3333333,44.16666667,122.6666667,251.7222222,98,50.33333333,270.7777778,142.3388889,322,161,106.5555556,86.91111111,94.55555556,135.2581699,209.8333333,573.9722222,1315.333333,204.3333333,Glutamate dehydrogenase.           
1.4.1.3,2390.566667,910.2666667,1693.8,1309.533333,964.0333333,2309.633333,1879.366667,1744.433333,2370.133333,1572.3,976.3333333,2092.833333,2279.833333,1421.788462,2575.3,2517.333333,3531.233333,2478.833333,2371.933333,2024.615385,1442.533333,1796.1,3503,3690.1,1313.633333,5035.3,512.9,1731.566667,2209.933333,1516.833333,1729.466667,1936.466667,2647,3716.833333,6988.766667,1703.9,1583.066667,1152.166667,2969.897436,852.7,2125.266667,2653.066667,2456.1,1542,635.5858974,1980.738462,1972.865385,3265.233333,3977.5,1561.566667,2659.666667,1816.2,1190.366667,3282,2072,2692.469231,1379.233333,1202.666667,837.3333333,3151.666667,1254,2317.333333,1418.1,68,1396.333333,1691.3,2435.2,3438.566667,3813.666667,1824.5,1592.2,3457.066667,2853.7,1740.133333,2253.066667,1714.966667,3515.6,3018.1,1507.566667,997.7435897,3119.466667,3470.7,964,1307.333333,2139.233333,2484.4,337.6666667,1025.666667,3079,2115.6,8073.666667,2691.288889,673.0512821,3917.866667,4752.064103,2627.033333,2855.1,2413.866667,4376.266667,3226,4403.566667,5746.966667,3435.666667,2744,2399.594872,6496.666667,3273.833333,2062.94359,3055.866667,1808.2,1543.866667,2426.5,2502.233333,489.6666667,808.9333333,1029.820513,2105.133333,4361.333333,2571.9,1553.4,2103.3,4620.083333,1991.866667,2954.4,1905.5,1276.2,1664.633333,1097.166667,4727.933333,2346.2,1696.8,1155.666667,4126.533333,2409.233333,1659,1154.666667,1635.133333,2651.6,1560.533333,1608.433333,2201.5,1597.166667,1808.022222,6219.333333,3723.066667,2251.717949,1559.333333,1231.266667,3529.133333,1980.833333,1697.3,3719.466667,1897.533333,3107.133333,3318.6,1304.333333,1149.966667,1750.466667,2593.066667,2595.766667,2179.633333,4340,1674.666667,Glutamate dehydrogenase (NAD(P)(+)).           
1.4.1.4,1667.120721,2322.639977,2937.927725,2648.944595,1415.145946,2006.575563,2648.836795,2185.979842,7044.953979,2202.574212,557.1166667,3824.860424,4064.080743,1662.796048,2547.304842,752.7920894,3756.191892,1804.832697,2607.712658,2345.793131,1927.983108,2291.686495,736.8122671,2998.9467,1913.455699,3129.803968,1859.883446,2980.017342,3318.929505,2077.718131,2075.863827,2507.195383,4706.422345,3354.530405,6277.624737,3768.828388,1145.763234,1496.346284,2649.116316,1560.900225,2342.386819,2928.06205,3423.50592,1340.879054,1084.786124,3717.80045,1774.472658,2423.944595,1567.854183,2845.235248,1727.369482,1447.531532,1097.27714,2849.500715,2605.76509,3405.904279,1711.849437,1891.541779,1623.16205,2312.122125,1575.187387,3212.74527,1908.634009,16.05,1756.884347,1893.627545,3050.153604,2589.159061,3376.388651,2657.416329,2157.249775,4876.764691,2266.510393,2287.02973,2347.025113,1728.175225,2859.54386,3361.118694,2247.073649,1104.349789,3900.289573,2551.431757,1569.693131,1789.196059,1759.241143,2038.790428,984.6118243,1289.502365,2524.127928,3633.417568,3145.523164,804.6963768,956.3554325,2964.591667,3571.72034,2533.083837,2427.043356,2439.182996,3128.434702,3961.910537,2939.945946,3660.145613,2118.627487,2330.11416,2177.177007,3254.363609,1863.481306,2172.706081,3504.211937,2637.838063,1533.722523,3082.945158,2579.719369,1251.656194,1493.196974,1422.591799,2069.375,3419.764482,2751.238479,2043.750563,3702.751307,939.0550725,2774.754955,2117.004917,2771.792065,1653.99268,2357.559347,1682.827027,3473.984685,5155.60259,2758.793018,2430.917455,3223.239977,2502.458896,2344.438626,1693.619032,2327.030438,4885.986839,2623.759099,1490.89268,2906.303716,3438.171734,514.957352,2084.456878,3490.192633,2077.462162,5848.759764,1473.563514,2672.605219,4126.759572,1276.952365,2706.292316,2134.874099,5742.706532,3306.83536,1188.563739,1926.656306,1291.007095,1640.547509,2270.956892,2425.018131,6158.177477,2297.93964,Glutamate dehydrogenase (NADP(+)).           
1.4.1.13,11760.20749,19858.80412,13257.86395,21782.4172,7587.66603,13731.83029,12738.5031,11993.38,23553.08954,11328.47475,5302.685851,15466.7263,17040.49,16285.64671,15814.26006,9452.045636,21345.35405,11951.4175,15295.24504,26574.17023,21040.93858,12163.35325,12378.69529,20822.92663,10431.99799,24583.85965,8721.919746,28301.0989,31291.58254,21267.385,9237.202767,13255.02765,27288.2605,21320.55908,39138.15536,23269.47901,8602.947311,21662.03447,29511.96806,9347.151201,12503.64366,16423.77294,18268.36283,18193.27344,10547.28503,31681.43766,22031.4027,17429.39988,15164.09645,25528.61427,13924.13581,19398.45053,7473.776247,19141.13681,27233.80202,35569.23755,8121.983283,23310.18523,14346.24937,17298.51237,24624.51253,16569.78167,25608.39083,217.25,19352.47173,9008.187866,13283.40121,18598.22813,20984.77761,11768.87196,26952.59416,24077.96843,16153.19036,12702.45292,12361.40871,8719.559995,18173.9854,19355.89583,11267.24773,13386.95014,20317.44758,18906.95088,19169.63175,19408.27066,11207.21665,17812.08643,6405.346194,7816.104916,24362.08863,15019.2681,30089.51165,9007.365944,9324.61394,21012.10372,42612.69341,14497.70068,16484.10725,13799.26319,29463.51666,24249.16538,31006.77961,26521.22534,14653.58922,14625.83855,25170.12733,29011.71599,14678.3088,25225.19972,19501.19988,13494.47484,7823.618576,15699.32421,33301.75461,6544.747545,9082.827186,14649.23595,13245.49071,23038.47695,15601.68105,10989.11442,14881.94745,16570.92402,14535.90077,14965.3697,31665.72068,8535.194668,12729.83558,22163.15846,23395.53558,21185.4485,12664.43537,11749.84343,23112.08643,14793.44071,13337.38998,8558.431685,24105.17812,20883.92839,21561.4324,10870.28329,30758.08453,12484.57715,6624.647298,21967.43231,19722.60741,25335.87198,17299.13605,8163.587458,17109.21501,19684.93293,12447.89572,18505.4511,23738.85105,28725.94715,19419.58919,8096.488043,19843.29357,9677.577732,12640.13277,14312.40885,30140.62291,25203.9065,21890.8849,Glutamate synthase (NADPH).           
1.4.1.14,235.6666667,182,149.1833333,609,728.8666667,131.7833333,888.3666667,486.1333333,181,545.3333333,182.3333333,101.0833333,74.5,1590.307692,237.2833333,87,90.16666667,263.75,232.3833333,908.9230769,444.1666667,925.7666667,35,78.33333333,94.03333333,321.0833333,719.2333333,948,724,170.5,326.35,172.65,577.1666667,88.5,170.3333333,474.8333333,102.3166667,147.5,1778.846154,426.1,177.1333333,93,393.2333333,663,1121.787179,703.224359,1594.589744,138.65,134.0833333,771.0833333,171.1833333,1289.666667,177.55,216.8333333,80,844.4038462,73.31666667,85,552.3333333,52.73333333,145,36.91666667,318.3333333,0,160,243.5666667,583.3333333,184.8,345.6666667,74.66666667,456.6666667,82.41666667,69.48333333,819.9666667,401.6166667,427.3333333,168.3166667,100.5,418.8166667,1685.615385,45,177.3666667,152,138,92.41666667,108.2333333,176.3333333,532.1333333,61.33333333,62.75,302.6666667,198.4166667,1216.74359,195.4666667,3143.412821,271.6666667,71.21666667,68,340.8333333,323.3333333,107.9833333,317.25,219,60.25,1355.358974,175.4166667,397.8333333,658.2820513,117.3333333,92.5,442.15,46.66666667,714.75,589.6666667,594.9333333,1384.097436,302.8666667,88.66666667,646.5,446.3166667,117.4166667,59,64.33333333,175.5333333,818.6666667,297.3666667,287.1166667,101,335.9333333,143,43.5,615.0666667,199.1833333,178.65,155.25,455.7666667,764.3333333,83.41666667,525,172.5666667,192.8333333,102.5,71,259.5833333,233.1666667,1591.410256,125,83,156.9833333,182.0833333,74.5,175.7666667,145,603,93.85,83,98.5,64.88333333,125.7333333,278.2833333,1040.416667,2129.916667,395.6666667,Glutamate synthase (NADH).           
1.4.7.1,1845.5,1435.083333,3217.433333,1168,1052.633333,2488.183333,1815.183333,1381,1914.712366,1488.666667,558.9166667,1960.5,1828.25,1400.057692,1759.158333,3400.435484,2759.166667,2300.933333,2145.8,1295.81891,1062.5,1626.833333,4721.5,3015.25,1005.533333,3345.166667,1679.066667,1304.583333,1485.166667,1436.099462,2923.808333,2527.733333,1817.916667,2052.583333,3705.274194,1309.583333,930.55,900.8198925,1702.996154,1536.6,2068.966667,3194,3320.95,852.6666667,940.9371795,1428.807692,1446.65641,2109.866667,5091.357527,1185.916667,1373.016667,1027.333333,1363.55,1950.766667,914.75,1733.83837,1289.65,790.75,870,2106.316667,753.8790323,1868.333333,904.2666667,173,911.8333333,2155.366667,1061.416667,1856.25,4118.583333,1240.333333,942.7,2009.75,2165.616667,1511.5,2743.366667,2632.383333,2461.283333,2105.75,1252.2,1125.148718,2391.666667,2307.016667,721.8951613,666.8333333,1509.716667,1278.816667,643.8333333,938.8833333,1832.416667,1330.416667,11167.33333,2470.297222,822.6602564,3155.466667,2520.379487,2661,1978.216667,1732.25,3193.333333,2747.416667,1052.733333,3774.166667,4855.583333,1392.083333,1153.592308,3309.833333,2477.833333,1039.698718,2369.166667,1606.666667,2132.675,2020.333333,1569.416667,1264.766667,1383.433333,996.3974359,1801.7,2809.333333,1628.833333,1396.5,1654.5,5092.75,1616.375,1671.7,1399.875,942.1166667,2176.7,692.05,2721.1,1806.25,1183.25,2489.208333,2590.35,2287.65,3172.791667,1062.7,1432.004167,1714.524194,1173.166667,1533.566667,1213.5,1314.083333,1785.522222,7811.339744,2197.59543,1333.726923,1228.5,1574.5,2081.412366,1411.583333,1068.916667,2016.25,1306.69086,1804.916667,2260.55,1284,833.6370968,1171.483333,1355.1,1897.983333,1904.083333,1695.983333,945.6666667,Glutamate synthase (ferredoxin).           
6.3.1.1,140.3666667,468.3,767.3833333,678,391,334.35,716.5666667,635.1666667,318.3,608.9333333,100.3,293.3583333,358.2,434.8,234.4333333,193.2349206,403.7916667,252.85,213.3833333,188.4,146.9666667,461.1,175.6857143,336.2333333,200.9,394.7598039,452.3833333,136.2,217,424.9935484,159.3,309.65,192.4555556,435.3,874.7416667,242.7,148.7083333,126.5,433.3666667,513.1,438.8666667,305.5,691.2,139.6,447.5333333,210.85,355.8,231.75,275.8264706,117.45,295.9833333,121.4,307.95,393.8921569,332.9322581,276.8,143.9166667,249.2,455.2666667,215.3333333,135.6,261.0166667,150.75,0.8,363.7,258.3,232,304.025,348.8,215.9666667,219.85,507.6107843,296.6323529,575.2666667,262.85,116,291.45,385.7,488.7583333,312.4,353.3,368.9666667,93.9,329.5,168.4666667,292.2,227.1666667,421.6,399.4333333,359.2166667,485.3666667,473.725641,329.8473684,381.6666667,874.3421053,276.5416667,199.8416667,207.4,519.3083333,360.6583333,419.1333333,381.95,270.45,231.7885965,338.6,473.5813725,236.8333333,155.4,393.8583333,266.5,158.9,303.2666667,161.325,335.3333333,458.6,426.9666667,411.5,286.5666667,631.2666667,591.9166667,338.9166667,211.1964286,287.6833333,372.9666667,212.6166667,433.2,587.8166667,111.9,376.8833333,320,273.1,651.3166667,433.65,277.05,343.8,370.7666667,137,392.5166667,128.4,391.2333333,574.2916667,276.5,294.0333333,389.9055556,333.9166667,272.4,262.1307692,172.4,290.4666667,93.65,173,300.6666667,401.85,150.1,314.05,83.8,187.8,231.5833333,193.0470588,333.1166667,185.6166667,474.85,112.4,Aspartate--ammonia ligase.           
1.18.6.1,2750,990.0833333,1970.708333,2127.166667,1759.1,2583.941667,3000.340476,2691.533333,2662.833333,2797.833333,581.8333333,2570.291667,2436.083333,2171.584683,2328.25,3907,4066.416667,3257.113889,2195.041667,2140.599992,1268.352193,2320.913158,4886,3826.166667,2762.994017,3406.019737,900.6666667,1772.216009,2106.676096,1205,4619.75,1800.519737,2390.521721,3808.75,7038.761905,1822.940476,1937.941667,1257.416667,3637.608974,1371.883333,2287.833333,2449.633772,3287.241886,1226.126535,1793.791026,2384.700911,2875.189136,3900.976587,5179.791667,1561.791667,2717.708333,1556,1217.625,4409.897619,1424,2147.615148,1620.517857,898.5952381,1511.916667,2806.75,1170.333333,2537.708333,1471.766667,161,1029.5,3858.383333,1992.966667,4138.163065,5234.333333,1497.5,1794.45,3572.125,3243.591667,1925.166667,4719.723291,3634.8,3906.991667,3195.690476,3322.376923,1644.347436,3078.75,4282.9,1091.583333,850.0833333,2867.091667,1657.583333,802.9166667,1473.047619,2348.5,2427.291667,12049.33333,10102.53333,1463.820513,3429.333333,5138.799325,3499.083333,2381.208333,2024.666667,2955.25,3391.5,3197.291667,6685.458333,5426,1733.291667,2755.249089,5288.041667,3413.833333,2188.104673,3178.25,2125.416667,2856.4,2921.916667,3226.721491,614.1,1051.388889,2177.511538,2574.603175,3863.333333,4230.685897,2802.391667,2485.875,6223.357143,2221.375,2344.666667,1989.299561,2403.583333,2250.458333,1024.366667,3497.247442,2363.416667,2020.083333,1829.860714,5292.402778,1992.375,1554.547619,2052.016667,2630.149452,3185.958333,917.5822368,1579.916667,1239.265873,1860.583333,7044.055556,8147.13141,4605.375,2560.565908,2321.75,869.5,4440.659127,1306.066886,1385.8,4044.685714,1294.666667,2010.166667,3998.658333,1182.416667,1106.333333,2011.558333,2206.703968,2715.975794,3309.960526,3238.293421,1417.292763,Nitrogenase.           
1.19.6.1,0,0,0,0,0,0,0,0,0,0,0,0,0,0,0,0,0,0,0,0,0,0,0,0,0,0,0,0,0,0,0,0,0,0,0,0,0,0,0,0,0,0,0,0,0,0,0,0,0,0,0,0,0,0,0,0,0,0,0,0,0,0,0,0,0,0,0,0,0,0,0,0,0,0,0,0,0,0,0,0,0,0,0,0,0,0,0,0,0,0,0,0,0,0,0,0,0,0,0,0,0,0,0,0,0,0,0,0,0,0,0,0,0,0,0,0,0,0,0,0,0,0,0,0,0,0,0,0,0,0,0,0,0,0,0,0,0,0,0,0,0,0,0,0,0,0,0,0,0,0,0,0,0,0,0,0,0,0,0,0,0,0,0,Nitrogenase (flavodoxin).           
3.5.1.5,4235.681603,5035.375,4447.075711,4160.311278,3235.435194,3696.381922,5340.603202,3347.747252,19687.8971,3942.960759,1620.871372,10456.97279,10537.04668,7331.755637,5805.470644,9951.588263,8647.0455,5169.962015,6669.449056,6478.632722,5485.007977,5879.703326,13432.00985,7244.676061,3433.096003,6571.551428,4368.916389,9504.927533,10181.11329,4699.03483,12066.05671,5718.638905,16145.26547,7306.824247,13587.02266,11838.81053,2310.497605,4585.00688,9345.822858,2193.078075,4266.743119,6360.858359,6613.604795,4000.689625,6197.882587,11431.0135,7837.459284,5303.150484,14407.78352,8882.611848,3510.493916,5039.137212,2080.030657,5840.264747,6783.41213,10656.58429,3675.538889,5064.116291,2800.873385,4899.298549,4975.427314,8383.727904,6304.461397,456.75,4038.990198,8120.123255,11778.54627,5674.979953,17632.43992,6855.819394,6535.934187,12532.51228,4468.44319,4506.995187,10103.69842,10786.5123,6139.970325,7814.566275,4033.68895,6304.595634,9595.625367,5439.610328,4532.216439,4406.374266,3733.525464,4399.802976,2448.498627,2279.503889,5154.426965,9095.1761,36352.95603,10299.89108,5182.766123,6030.874215,14920.81037,5790.958017,5478.50656,5687.690078,6990.636077,15398.12116,6386.70118,10108.85123,17575.98088,5113.379268,6413.094932,6940.030754,5678.716665,5494.08527,8549.129395,6389.10715,7447.544383,7365.578059,10170.52634,2960.992484,3433.043015,6571.04144,4459.778543,7442.936531,4941.163886,3630.136639,9831.549398,15230.39412,7043.646451,4532.73175,8002.575542,2882.663762,3785.627898,5259.863713,8132.540186,14133.21786,6759,4691.558725,7112.200066,5511.363754,4247.243734,3549.408464,9100.625291,12915.12635,9079.869252,2688.656832,6558.409538,8883.913114,7980.02288,25014.64042,7294.18002,6525.385496,16472.01178,3037.188963,6558.154262,14054.00504,2835.53373,5768.214258,5306.956945,18768.21688,6555.841487,2636.142589,5804.309974,2186.784243,3470.963445,4718.640853,11053.97533,16873.17233,7536.009815,Urease.           
6.3.4.6,863.2,220.75,466.4166667,374.7666667,626,724.25,958.6666667,828.1,1586.833333,802.1666667,352.5833333,1089.833333,1383.833333,663.9166667,783.7916667,1117.666667,1589,569.9,729,896.5,622.1666667,829,1372.666667,1328.416667,372.2333333,979.4,381.1666667,1013.5,821.5,377.4166667,742.875,521.1666667,1632.583333,1429.75,2722,1112.666667,530.9166667,733.5833333,1128.5,324.5,464.1666667,728.5,827.7166667,612.75,304.7857143,1293.916667,929.5,1300.666667,1713.25,928.3333333,714,668.5,391.25,1451.5,799.3333333,1113.458333,292.25,376.8333333,205,1177.535714,672.8333333,1143.333333,712.5,21,272.1666667,729.8333333,1077.75,1276.166667,1725.083333,906.6666667,531.0833333,2054.25,1098.369048,841.8333333,895.25,679.1166667,1163.916667,1344.666667,1044.5,688,1333.166667,1361.666667,518.3333333,314.9166667,800.75,996.5,106.1666667,480,1431.25,736.0833333,2797.583333,282.5416667,336.5238095,1006.666667,1319.5,947.8333333,1156.45,712.0833333,1356.883333,2007.083333,1774.166667,1509.633333,1058.75,1275.416667,895.75,1749.15,1009,897.25,1188,801.5833333,604.875,1197.166667,1034.25,308.5,545.1666667,391.0238095,883.5833333,979.8333333,1331,1056.583333,1311.583333,1593.666667,1006.708333,704.6666667,924.5416667,838.8,360.8333333,502.6666667,1466.833333,1569.666667,949.3333333,497.5416667,1625.416667,680.45,163.325,773.3333333,700.25,1828.75,558.25,317.5,521.75,903.3333333,63.5,2279.75,986.325,1122,1466.5,230.6666667,944.9166667,1307.833333,803.0833333,1087.75,576.3666667,1586,1345.916667,225,417.7166667,547.5833333,863,872.5833333,1033.583333,2348.916667,817.25,Urea carboxylase.           
3.5.1.54,228.6666667,48,91.25,20.83333333,157.1666667,104.0833333,269.5,164.5,137.6666667,211.8333333,46.33333333,64.45833333,79.16666667,159.4166667,20.5,45.33333333,84.125,251.75,24.58333333,97,69.16666667,207,66.33333333,59.33333333,317.3333333,67.09313725,321.4166667,85.5,96,56.33333333,237.3333333,41.25,104.5,65.66666667,167.375,55.33333333,63.20833333,192.5,260,70.5,72.5,47.66666667,112.8333333,51.5,301.3214286,66.41666667,203,78.41666667,48.42647059,95.91666667,128.5833333,107.5,45.75,149.3921569,79.66666667,84.66666667,100.5833333,71.16666667,1,65.9047619,126.6666667,39.75,110.3333333,0,38.16666667,150.1666667,122.5,146.2916667,44.66666667,68.66666667,136.9166667,88.87745098,81.53711485,168.1666667,275.5833333,253.8333333,172.9166667,38.83333333,154.625,238.25,52.33333333,124.8333333,167.5,47.33333333,118.6666667,44.66666667,29.5,124.8333333,62.16666667,40.75,161.3333333,311.1666667,214.1309524,125,396.25,275.7083333,68.70833333,16.66666667,114.875,62.79166667,97.5,312.4166667,47.25,55.75,119.25,98.84803922,274,86.5,58.29166667,23.66666667,222,51,117.4583333,218.5,315.3333333,299.2142857,184.5,41,303,172.9166667,62.25,103.4583333,48.41666667,124,65.91666667,72.5,139.75,127.8333333,221.9166667,142.6666667,18.66666667,264.75,150.25,35.25,20.5,142,99.5,88.08333333,92.5,48,103.125,50,149,76.25,233.25,111,88.5,9.333333333,185.0833333,52.91666667,44.33333333,180.3333333,65.08333333,98,68.58333333,0,81.5,24.58333333,103.3137255,182.4166667,194.0833333,234.5833333,67,Allophanate hydrolase.           