ID,171116_17.exp.,171119_8.exp.,171116_23.exp.,171119_12.exp.,171117_8.exp.,171118_11.exp.,171117_16.exp.,171117_14.exp.,171122_2.exp.,171117_12.exp.,171120_8.exp.,171121_10.exp.,171122_8.exp.,171125_5.exp.,171116_11.exp.,171126_3.exp.,171121_11.exp.,171116_16.exp.,171116_12.exp.,171125_14.exp.,171125_15.exp.,171117_17.exp.,171126_2.exp.,171121_12.exp.,171116_6.exp.,171118_16.exp.,171117_3.exp.,171125_23.exp.,171125_19.exp.,171119_3.exp.,171117_21.exp.,171116_10.exp.,171126_10.exp.,171121_2.exp.,171121_1.exp.,171126_11.exp.,171120_20.exp.,171120_5.exp.,171125_21.exp.,171116_20.exp.,171116_19.exp.,171118_14.exp.,171116_21.exp.,171125_13.exp.,171125_1.exp.,171125_22.exp.,171125_7.exp.,171120_18.exp.,171126_4.exp.,171125_25.exp.,171116_1.exp.,171125_11.exp.,171116_22.exp.,171120_17.exp.,171119_9.exp.,171125_18.exp.,171116_18.exp.,171119_4.exp.,171119_11.exp.,171120_14.exp.,171120_3.exp.,171121_7.exp.,171120_2.exp.,171125_16.exp.,171119_10.exp.,171117_22.exp.,171124_8.exp.,171120_15.exp.,171126_8.exp.,171122_4.exp.,171120_1.exp.,171122_11.exp.,171120_19.exp.,171117_6.exp.,171117_18.exp.,171117_20.exp.,171118_3.exp.,171121_4.exp.,171117_9.exp.,171125_4.exp.,171121_5.exp.,171120_16.exp.,171120_6.exp.,171119_7.exp.,171118_2.exp.,171120_7.exp.,171119_6.exp.,171117_13.exp.,171120_9.exp.,171122_12.exp.,171126_6.exp.,171117_2.exp.,171125_2.exp.,171118_9.exp.,171125_6.exp.,171118_1.exp.,171120_13.exp.,171118_13.exp.,171120_11.exp.,171126_9.exp.,171120_12.exp.,171116_14.exp.,171126_7.exp.,171116_7.exp.,171125_9.exp.,171121_13.exp.,171116_15.exp.,171125_12.exp.,171121_3.exp.,171121_8.exp.,171117_19.exp.,171121_6.exp.,171124_1.exp.,171117_4.exp.,171117_1.exp.,171125_3.exp.,171116_5.exp.,171118_17.exp.,171117_15.exp.,171117_11.exp.,171122_9.exp.,171126_1.exp.,171121_9.exp.,171116_2.exp.,171125_17.exp.,171117_10.exp.,171116_4.exp.,171120_4.exp.,171118_5.exp.,171122_1.exp.,171122_5.exp.,171116_3.exp.,171120_21.exp.,171116_9.exp.,171118_15.exp.,171117_7.exp.,171124_6.exp.,171122_7.exp.,171125_20.exp.,171116_24.exp.,171119_2.exp.,171122_6.exp.,171117_5.exp.,171126_5.exp.,171121_14.exp.,171125_10.exp.,171122_3.exp.,171116_8.exp.,171116_13.exp.,171126_12.exp.,171120_10.exp.,171118_4.exp.,171119_1.exp.,171125_8.exp.,171118_8.exp.,171118_12.exp.,171119_5.exp.,171118_10.exp.,171118_6.exp.,171118_7.exp.,171124_2.exp.,171124_9.exp.,171125_24.exp.,Enzyme_Name
1.8.1.2,654.666666667,302.571428571,303.0,530.714285714,562.166666667,522.666666667,988.0,759.5,929.253968254,756.166666667,212.333333333,662.138888889,820.214285714,1902.96296296,666.5,1277.95512821,1037.37698413,600.5,577.531746032,776.0,633.5,714.333333333,1516.33333333,903.666666667,915.833333333,793.852941176,975.5,797.0,812.5,274.857142857,766.166666667,414.333333333,1033.05555556,924.325396825,1817.12301587,830.333333333,333.416666667,322.777777778,2263.27777778,498.5,459.404761905,539.785714286,756.119047619,710.5,1846.5,1006.33333333,2293.59259259,800.753968254,1727.76960784,727.277777778,553.666666667,721.833333333,327.5,971.752567694,596.896825397,1130.66666667,225.0,288.266666667,407.166666667,661.682539683,338.111111111,735.642857143,441.69047619,25.0,397.563492063,603.0,983.666666667,991.01984127,1459.5,568.214285714,419.777777778,1226.03267974,680.891690009,594.0,770.0,691.333333333,838.357142857,831.563492063,902.583333333,1772.66666667,795.0,901.619047619,219.666666667,376.333333333,546.023809524,599.777777778,187.666666667,423.166666667,847.841269841,543.5,2926.61111111,753.326984127,1981.92592593,716.785714286,4684.77777778,821.726190476,702.765873016,494.357142857,848.805555556,1454.08333333,1082.50793651,1244.73809524,1289.19444444,848.666666667,1541.16666667,1258.24369748,818.285714286,742.5,763.25,516.595238095,467.0,776.166666667,707.916666667,671.333333333,826.166666667,2025.33333333,1001.0,714.457142857,1363.5,727.333333333,804.714285714,1964.26538462,642.357142857,506.428571429,873.0,515.0,431.857142857,253.333333333,1180.16666667,878.166666667,676.912698413,626.333333333,1068.15079365,537.5,272.357142857,598.833333333,580.5,1099.22222222,631.222222222,379.761904762,470.027777778,600.285714286,228.711111111,2497.6474359,926.5,1330.5,843.071428571,220.0,800.571428571,839.222222222,469.555555556,931.285714286,442.666666667,1095.18253968,877.714285714,188.5,310.722222222,366.0,584.294117647,609.952380952,719.583333333,1935.66666667,595.777777778,Assimilatory sulfite reductase (NADPH).           
1.8.7.1,511.161290323,252.0,296.677419355,504.782258065,292.274193548,153.387096774,540.580645161,157.0,273.5,267.5,38.25,210.674731183,232.290322581,935.038461538,299.556451613,2813.11827957,246.599462366,775.241935484,367.284946237,352.282051282,339.166666667,503.166666667,3895.70430108,218.725806452,172.75,388.52688172,167.166666667,530.630952381,647.333333333,201.416666667,1992.56989247,279.0,966.25,215.094086022,499.838709677,588.642857143,143.5,221.666666667,1022.98076923,386.540322581,294.85483871,199.784946237,405.040322581,307.416666667,839.102564103,611.8003663,1125.61538462,175.588709677,3614.83333333,475.583333333,314.088709677,394.666666667,199.403225806,230.784946237,197.833333333,688.590659341,263.0,213.25,464.916666667,167.75,187.166666667,151.653225806,266.666666667,149.0,330.5,1207.88709677,614.178571429,234.844086022,3074.02419355,176.75,320.25,254.809139785,140.494623656,293.5,1523.28494624,1821.0483871,315.696774194,175.25,293.177419355,873.576923077,163.830645161,252.451612903,182.25,268.833333333,241.5,116.333333333,235.505376344,172.048387097,91.0833333333,212.889784946,9233.27150538,122.386666667,941.884615385,305.258064516,2395.48076923,516.653225806,143.0,141.008064516,202.067204301,1833.98195084,309.965053763,1174.19354839,3935.44354839,154.333333333,595.461538462,329.989247312,807.478494624,253.326923077,168.89516129,131.620967742,1179.94623656,208.061827957,891.904761905,37.0,130.333333333,852.320512821,339.620967742,185.927419355,467.241935484,253.35483871,299.518817204,4369.01612903,136.5,338.612903226,486.916666667,158.0,335.193548387,183.0,531.798387097,269.583333333,198.75,669.379032258,360.865591398,262.685483871,264.879032258,274.85483871,746.273809524,299.13172043,430.75,258.663978495,256.25,157.75,33.3333333333,6636.34780811,341.161290323,626.467948718,230.0,166.822580645,674.870967742,614.892857143,71.6666666667,379.629032258,202.5,826.0,171.693548387,87.5,206.916666667,130.166666667,199.35483871,278.951612903,1049.71428571,831.357142857,412.583333333,Assimilatory sulfite reductase (ferredoxin).           
1.8.99.1,114.0,61.3333333333,214.666666667,62.0,28.6666666667,172.0,180.0,81.3333333333,63.3333333333,63.3333333333,0.0,144.0,82.0,8.66666666667,66.0,152.0,222.0,189.333333333,86.0,16.0,7.6,69.3333333333,90.0,162.666666667,275.066666667,169.333333333,162.666666667,0.0,4.8,78.6666666667,118.666666667,108.0,82.0,160.0,374.666666667,82.0,92.0,24.0,13.6,70.8,180.666666667,122.0,146.666666667,1.2,25.3333333333,3.33333333333,0.0,120.0,178.0,2.0,168.0,0.0,71.3333333333,221.333333333,82.6666666667,7.2,186.666666667,41.3333333333,39.3333333333,74.0,30.6666666667,124.666666667,38.0,0.0,67.3333333333,73.3333333333,86.8,213.333333333,64.0,36.0,34.0,103.333333333,146.666666667,12.8,150.666666667,25.3333333333,152.0,164.0,41.3333333333,0.0,144.0,158.0,0.0,37.3333333333,96.0,90.0,44.0,48.0,188.0,50.0,267.333333333,118.0,0.0,146.666666667,0.0,240.0,96.0,90.0,148.666666667,92.0,116.0,225.333333333,106.0,142.0,8.8,302.666666667,158.0,0.0,172.0,136.0,27.3333333333,141.333333333,0.0,122.666666667,189.333333333,33.3333333333,252.0,94.0,91.3333333333,60.6666666667,73.3333333333,164.666666667,109.333333333,152.666666667,5.6,8.0,117.333333333,31.3333333333,192.666666667,70.6666666667,62.6666666667,156.933333333,218.666666667,104.0,160.666666667,48.6666666667,32.0,78.0,10.0,117.333333333,126.666666667,54.6666666667,0.0,250.0,297.333333333,0.0,49.3333333333,24.0,256.666666667,0.0,35.3333333333,191.333333333,54.6666666667,24.6666666667,148.666666667,30.0,20.6666666667,133.333333333,76.0,134.666666667,30.0,215.066666667,0.0,Deleted entry.           
1.97.1.3,0.0,1.0,0.0,0.0,0.0,0.0,0.0,0.0,0.0,0.0,0.0,0.0,0.0,0.0,0.0,0.0,0.0,0.0,0.0,0.0,0.0,0.0,0.0,0.0,0.0,0.0,0.0,0.0,0.0,0.0,0.0,0.0,0.0,0.0,0.0,0.0,0.0,0.0,0.0,0.0,0.0,0.0,0.0,0.0,0.0,0.0,0.0,0.0,0.0,0.0,0.0,0.0,0.0,0.0,0.0,0.0,0.0,2.0,0.0,3.25,2.0,0.0,2.75,0.0,0.0,0.0,0.0,0.0,0.0,0.0,5.0,0.0,0.0,0.0,0.0,0.0,0.0,0.0,1.0,0.0,0.0,0.0,0.0,0.5,0.0,0.0,0.0,0.0,0.0,0.0,0.0,5.2,1.5,0.0,0.0,0.0,3.25,0.0,0.0,0.0,1.0,0.0,0.0,0.0,0.0,0.0,0.0,0.0,0.0,0.0,0.0,0.0,0.0,0.0,0.0,0.75,0.0,0.0,0.0,0.0,0.0,0.0,0.0,0.0,1.0,0.0,0.0,1.75,0.0,0.0,0.0,0.0,0.0,0.0,0.0,0.0,0.0,0.0,0.0,0.0,0.0,0.0,1.4,0.0,0.0,0.0,0.0,0.0,0.0,0.0,0.0,1.66666666667,0.0,0.0,0.0,0.0,0.0,0.0,0.0,0.0,1.75,0.0,0.0,Transferred entry: 1.12.98.4.           
1.13.11.18,,,,,,,,,,,,,,,,,,,,,,,,,,,,,,,,,,,,,,,,,,,,,,,,,,,,,,,,,,,,,,,,,,,,,,,,,,,,,,,,,,,,,,,,,,,,,,,,,,,,,,,,,,,,,,,,,,,,,,,,,,,,,,,,,,,,,,,,,,,,,,,,,,,,,,,,,,,,,,,,,,,,
1.13.11.5,1293.19029738,1897.8712766,1358.05744681,1249.66737589,730.471947195,1391.87340074,1333.26148456,876.616215783,7087.76785689,987.814851485,727.429078014,3910.60549645,3966.35815603,1193.6310042,2007.79690331,797.184869976,3481.49308511,1025.69361527,2200.01911383,2244.84800873,1772.62275823,1397.63861386,907.724822695,2922.03971631,1036.18818377,2257.59561952,158.471854844,3009.06666667,3080.19929078,1785.73758865,1487.27158907,1859.99554807,5116.43073286,3084.43347503,5567.05939716,3917.72624113,891.915070922,1713.31560284,2445.2213797,363.423404255,1306.02907801,2324.43864897,1977.81276596,1244.66666667,810.712510111,3696.53633388,1533.12701915,2160.48513447,1645.3449103,2793.14071343,1181.30443789,1488.32935231,588.213475177,2400.24230784,2832.91489362,3297.299018,1120.91353135,1890.45443262,772.605017675,2096.92773205,1775.9787234,3283.32624113,2046.80744681,9.0,1415.10992908,1307.50730988,3170.74326241,2276.19143576,3401.36714489,2602.06382979,1898.48812057,4912.49553609,1887.92870552,1217.47780391,1559.38727617,1335.96958079,2274.52468226,3217.1106383,1289.38213764,926.402225036,3761.16028369,2132.69148936,1682.19148936,1601.08865248,1406.07435924,1975.13120567,752.592198582,459.637195422,2491.85106383,3264.90851064,2928.81404196,228.893076825,709.841994047,2201.73239239,2897.61412909,1860.86134927,2351.99663121,2157.52624113,2847.4927305,4232.07498192,2951.4253037,2521.05646022,1975.79517678,2226.5106383,1946.50892914,2934.20584063,1315.34491082,1991.44358974,3345.97138719,2511.1787234,1091.88542237,2937.42730145,2443.7714539,82.3877775568,172.830143014,1115.62601289,1429.24052428,2872.47375887,1561.44232871,1077.44238466,3651.7893617,1178.82758657,2762.95602837,1319.22039885,2508.19580788,966.645354961,985.736777614,1867.58156028,2810.67569386,5247.51279405,2660.7893617,806.190548417,2672.1794256,1991.58865248,1254.74680851,993.675339465,2043.31382979,4923.46170213,2781.23546099,640.737588652,2664.28865248,3267.0106383,73.9579822419,2204.98108747,2692.8894587,1862.38276202,6034.36598553,1006.77304965,1821.06926129,4653.04081519,1297.35319149,2059.9455666,2022.35638298,6147.01664858,2790.77046556,958.078014184,2094.23049645,926.679432624,1399.64127973,1596.63495568,2337.97943262,5371.3332855,2470.758404,Homogentisate 1 2-dioxygenase.          
2.8.1.5,15.0,31.6666666667,17.3333333333,18.0,8.33333333333,10.6666666667,22.3333333333,6.33333333333,9.66666666667,12.0,0.0,13.0,0.0,0.0,3.0,4.0,3.0,18.6666666667,11.0,0.0,3.8,13.0,0.0,3.33333333333,82.5333333333,20.6666666667,0.0,0.0,2.4,19.3333333333,17.3333333333,0.0,8.0,10.0,27.3333333333,6.0,11.3333333333,0.0,6.8,2.4,16.0,14.0,4.66666666667,0.6,0.0,1.66666666667,0.0,0.0,0.0,1.0,11.0,0.0,2.66666666667,13.6666666667,11.3333333333,3.6,12.3333333333,17.6666666667,12.6666666667,0.0,11.3333333333,5.33333333333,19.0,0.0,17.6666666667,16.6666666667,9.4,17.6666666667,0.0,0.0,17.0,2.66666666667,15.6666666667,0.4,20.3333333333,10.6666666667,23.0,0.0,10.3333333333,0.0,0.0,0.0,0.0,13.6666666667,19.0,6.0,22.0,0.0,0.0,2.0,2.66666666667,12.0,0.0,7.33333333333,0.0,37.0,0.0,12.0,7.33333333333,9.0,0.0,22.6666666667,0.0,8.0,4.4,10.3333333333,11.0,0.0,9.0,1.0,13.6666666667,9.66666666667,0.0,0.0,8.66666666667,11.6666666667,33.0,3.0,13.6666666667,11.0,2.66666666667,3.33333333333,1.66666666667,14.3333333333,2.8,0.0,12.0,8.66666666667,23.3333333333,6.33333333333,5.33333333333,18.8,15.6666666667,0.0,15.3333333333,19.0,0.0,0.0,5.0,10.6666666667,17.3333333333,6.33333333333,0.0,1.0,31.6666666667,0.0,9.66666666667,1.0,20.3333333333,0.0,6.66666666667,25.3333333333,11.3333333333,12.3333333333,9.33333333333,0.0,10.3333333333,10.6666666667,7.0,16.3333333333,3.0,22.5333333333,0.0,Thiosulfate--dithiol sulfurtransferase.           
1.8.2.2,,,,,,,,,,,,,,,,,,,,,,,,,,,,,,,,,,,,,,,,,,,,,,,,,,,,,,,,,,,,,,,,,,,,,,,,,,,,,,,,,,,,,,,,,,,,,,,,,,,,,,,,,,,,,,,,,,,,,,,,,,,,,,,,,,,,,,,,,,,,,,,,,,,,,,,,,,,,,,,,,,,,
1.8.5.2,0.0,0.0,0.0,0.0,0.0,0.0,0.0,0.0,0.0,0.0,0.0,0.0,0.0,0.0,0.0,0.0,0.0,0.0,0.0,0.0,0.0,0.0,0.0,0.0,0.0,0.0,0.0,0.0,0.0,0.0,0.0,0.0,0.0,0.0,0.0,0.0,0.0,0.0,0.0,0.0,0.0,0.0,0.0,0.0,0.0,0.0,0.0,0.0,0.0,0.0,0.0,0.0,0.0,0.0,0.0,0.0,0.0,0.0,0.0,0.0,0.0,0.0,0.0,0.0,0.0,0.0,0.0,0.0,0.0,0.0,0.0,0.0,0.0,0.0,0.0,0.0,0.0,0.0,0.0,0.0,0.0,0.0,0.0,0.0,0.0,0.0,0.0,0.0,0.0,0.0,0.0,0.0,0.0,0.0,0.0,0.0,0.0,0.0,0.0,0.0,0.0,0.0,0.0,0.0,0.0,0.0,0.0,0.0,0.0,0.0,0.0,0.0,0.0,0.0,0.0,0.0,0.0,0.0,0.0,0.0,0.0,0.0,0.0,0.0,0.0,0.0,0.0,0.0,0.0,0.0,0.0,0.0,0.0,0.0,0.0,0.0,0.0,0.0,0.0,0.0,0.0,0.0,0.0,0.0,0.0,0.0,0.0,0.0,0.0,0.0,0.0,0.0,0.0,0.0,0.0,0.0,0.0,0.0,0.0,0.0,0.0,0.0,0.0,Thiosulfate dehydrogenase (quinone).           
2.8.1.1,4577.9,1875.18849206,3357.56666667,2691.85714286,2156.6,4885.15555556,3792.9,3686.91111111,5153.33531746,3162.06666667,2033.0,4401.20833333,5104.09325397,4646.63804714,5313.44444444,4700.30833333,7152.50793651,4618.21111111,5099.69365079,4791.94444444,3404.375,3594.71944444,6882.375,7475.88888889,2652.18333333,10627.3888889,678.205555556,4164.625,5162.625,3327.49801587,3072.01111111,3985.66666667,5557.51388889,7830.09325397,14534.6309524,3653.16666667,3213.63888889,2376.33333333,8242.65277778,1244.82222222,4209.03849206,5614.63174603,4770.87619048,3939.18055556,2358.04545455,4309.47222222,6221.2962963,6906.00198413,7659.76388889,3689.34722222,5425.35277778,4782.0,2389.83333333,7025.36190476,4571.30952381,6165.47222222,2740.71111111,2815.025,1700.16666667,6650.99960317,2945.75,4951.57142857,3340.87301587,136.888888889,2927.30952381,3119.07777778,4418.38888889,7024.42936508,7509.31944444,3935.3015873,3458.29166667,7767.09722222,6085.6468254,3553.51111111,4318.03333333,3031.35555556,7207.06746032,6533.87619048,3257.85555556,3536.98484848,6725.61111111,7345.4984127,2065.44444444,2704.83333333,4436.82301587,5464.85833333,725.711111111,2225.16666667,6872.21230159,4707.55555556,15420.2171595,897.15,2753.99074074,8086.42063492,14043.8876263,5167.54642857,6164.61626984,5133.37301587,9730.45555556,6445.27083333,9541.85396825,11551.8301587,6536.63888889,5675.31944444,6687.125,13202.8293651,6148.94285714,5041.06944444,6664.11388889,3950.88095238,2674.4,5101.13888889,6067.29166667,745.311111111,1921.45277778,4009.36742424,4460.31944444,9297.12857143,5150.56666667,3163.86666667,4599.19047619,9147.88611111,4335.0952381,6111.51706349,4417.375,2737.03333333,3052.81746032,2481.02777778,9676.11666667,5152.72222222,3775.37301587,1451.24444444,8547.57539683,4932.70833333,3109.78412698,2456.43333333,4146.5,6013.51388889,3460.61111111,3210.9031746,4998.59444444,3375.54563492,387.3,11745.975,7063.85555556,6017.91666667,3234.26071429,2501.83333333,7044.14126984,4323.36111111,3728.06944444,7662.08730159,4401.05555556,6634.89126984,6955.45714286,2793.05555556,2539.05555556,3664.88888889,5420.61111111,5449.57619048,5452.13888889,8628.5,3751.55555556,Thiosulfate sulfurtransferase.           
3.12.1.1,,,,,,,,,,,,,,,,,,,,,,,,,,,,,,,,,,,,,,,,,,,,,,,,,,,,,,,,,,,,,,,,,,,,,,,,,,,,,,,,,,,,,,,,,,,,,,,,,,,,,,,,,,,,,,,,,,,,,,,,,,,,,,,,,,,,,,,,,,,,,,,,,,,,,,,,,,,,,,,,,,,,
1.8.99.3,277.75,230.6875,104.6875,222.25,143.25,234.854166667,460.833333333,453.229166667,143.625,444.520833333,49.8333333333,213.8125,93.0625,199.479166667,105.8125,277.8125,316.875,397.125,103.125,113.354166667,105.625,327.458333333,221.625,294.375,849.6875,228.5,377.729166667,43.125,54.875,188.8125,359.375,102.1875,46.5,301.625,645.9375,165.0,127.270833333,19.4375,282.854166667,101.625,225.166666667,114.6875,118.458333333,51.875,140.375,50.75,208.229166667,168.0,187.5,102.8125,305.5625,86.1666666667,55.3125,301.25,198.375,49.75,444.4375,59.4375,209.9375,446.0,41.5,118.125,39.125,0.0,66.5625,205.1875,212.25,538.5,126.375,81.0625,241.041666667,127.625,156.145833333,278.5,304.6875,137.75,259.125,156.875,292.166666667,125.9375,172.080882353,279.625,155.9375,80.8125,231.3125,114.6875,142.8125,354.3125,216.75,141.583333333,431.0625,85.7,111.5625,175.875,477.958333333,332.8125,248.1875,141.0625,82.5,129.125,40.75,469.75,130.875,138.104166667,242.729166667,462.25,245.875,189.291666667,229.75,158.375,219.625,167.8125,66.625,195.416666667,435.125,181.051470588,232.375,79.6875,560.125,298.979166667,104.8125,283.625,91.875,234.3125,121.375,259.6875,114.885698198,5.25,443.0,101.6875,79.125,474.395833333,383.520833333,95.1875,335.8125,337.979166667,119.75,135.5,16.0,182.4375,199.1875,219.8125,49.9,281.125,1076.125,213.083333333,101.125,58.5,692.875,90.8125,21.5625,546.5625,110.125,38.125,187.875,36.875,90.0,83.4375,95.0833333333,201.375,166.0625,410.416666667,5.0,Transferred entry: 1.8.99.5.           
1.8.2.1,739.666666667,1024.5,943.0,530.166666667,392.5,923.5,684.166666667,464.0,5560.5,572.666666667,407.333333333,2828.16666667,2898.33333333,677.933333333,1357.33333333,156.5,2251.33333333,664.333333333,1571.66666667,1418.83333333,1197.33333333,814.254385965,167.0,1818.66666667,464.227272727,1482.5,280.0,2117.16666667,2256.16666667,996.0,980.916666667,1333.0,3829.65909091,1915.5,3452.16666667,2872.25,542.166666667,1052.66666667,1415.16666667,200.0,910.230769231,1602.0,1387.33333333,798.666666667,515.666666667,2606.72131148,778.166666667,1384.66666667,643.416666667,1977.0,711.416666667,927.833333333,331.333333333,1430.33333333,1681.66666667,2257.33333333,812.866666667,1159.08333333,316.333333333,1394.56666667,1121.75,2247.0,1355.0,1.25,823.166666667,838.583333333,1662.5,1443.91666667,2152.41666667,1843.5,1276.08333333,3382.5,1251.82051282,640.0,997.916666667,870.833333333,1441.66666667,2114.33333333,696.833333333,426.866666667,2649.0,1301.66666667,1050.66666667,1004.5,851.666666667,1229.83333333,377.397435897,260.666666667,1429.33333333,2411.33333333,1286.0,119.833333333,351.0,1503.16666667,1495.93333333,1206.66666667,1630.3452381,1570.66666667,1782.0,2822.45238095,1729.0,1586.91666667,1212.83333333,1389.5,1096.5,1648.0,791.0,1293.05555556,2253.5,1720.0,673.083333333,2010.0,1794.60641026,211.666666667,183.166666667,594.5,861.916666667,1980.66666667,751.833333333,577.0,2639.83333333,251.166666667,1870.38974359,890.166666667,1623.16666667,517.0,690.75,1229.25,1841.41666667,3787.58333333,1863.16666667,533.666666667,1671.16666667,1333.91666667,874.876923077,498.0,1468.0,3494.5,2010.16666667,418.666666667,1445.0,2466.83333333,41.8333333333,851.166666667,1740.66666667,1051.9863388,4730.37704918,729.0,1124.58333333,3586.5,749.666666667,1235.66666667,1127.5,4832.41666667,1813.20512821,710.666666667,1388.83333333,530.0,829.333333333,1035.5,1655.0,2754.5,1731.5,Sulfite dehydrogenase (cytochrome).           
1.8.3.1,0.0,32.0,9.0,144.0,57.0,7.0,13.0,5.0,8.0,0.0,0.0,0.0,0.0,414.0,80.0,0.0,11.0,5.0,64.0,51.0,22.0,31.0,0.0,24.0,15.0,47.0,0.0,56.0,24.0,30.0,0.0,20.0,10.0,14.0,25.0,23.0,11.0,0.0,300.0,81.0,51.0,23.0,93.0,67.0,225.0,25.0,384.0,5.0,4.0,55.0,16.0,124.0,28.0,25.0,6.0,35.0,0.0,10.0,111.0,0.0,0.0,14.0,33.0,3.0,50.0,0.0,10.0,10.0,10.0,6.0,43.0,14.0,4.0,25.0,7.0,0.0,0.0,16.0,5.0,461.0,0.0,16.0,0.0,23.0,0.0,15.0,40.0,23.0,10.0,0.0,11.0,2198.22222222,281.0,38.0,555.0,18.0,4.0,10.0,55.0,0.0,4.0,9.0,0.0,0.0,103.0,6.0,23.0,38.0,23.0,6.0,0.0,20.0,8.0,0.0,38.0,182.0,22.0,6.0,13.0,8.0,21.0,0.75,0.0,13.0,61.0,0.0,24.0,0.0,26.0,6.0,7.0,76.0,20.0,36.0,37.0,16.0,5.0,7.0,6.0,52.0,16.0,10.0,1598.22222222,8.0,0.0,303.0,19.0,0.0,0.0,11.0,19.0,0.0,5.0,21.0,0.0,23.0,20.0,0.0,0.0,0.0,21.0,59.0,17.0,Sulfite oxidase.           
1.12.98.4,,,,,,,,,,,,,,,,,,,,,,,,,,,,,,,,,,,,,,,,,,,,,,,,,,,,,,,,,,,,,,,,,,,,,,,,,,,,,,,,,,,,,,,,,,,,,,,,,,,,,,,,,,,,,,,,,,,,,,,,,,,,,,,,,,,,,,,,,,,,,,,,,,,,,,,,,,,,,,,,,,,,
4.4.1.6,,,,,,,,,,,,,,,,,,,,,,,,,,,,,,,,,,,,,,,,,,,,,,,,,,,,,,,,,,,,,,,,,,,,,,,,,,,,,,,,,,,,,,,,,,,,,,,,,,,,,,,,,,,,,,,,,,,,,,,,,,,,,,,,,,,,,,,,,,,,,,,,,,,,,,,,,,,,,,,,,,,,
3.5.5.8,0.0,0.0,0.0,0.0,59.0,0.0,18.0,7.0,0.0,15.0,0.0,0.0,0.0,76.0,0.0,0.0,0.0,0.0,0.0,28.5,40.0,33.0,0.0,0.0,0.0,0.0,0.0,86.5,29.0,0.0,0.0,0.0,29.0,0.0,0.0,29.0,0.0,0.0,78.5,0.0,0.0,0.0,4.0,68.0,45.0,36.0,138.0,0.0,0.0,78.0,0.0,97.5,0.0,2.0,0.0,53.0,0.0,0.0,0.0,0.0,0.0,0.0,5.0,0.0,0.0,0.0,33.0,0.0,9.0,0.0,17.0,0.0,0.0,33.0,10.0,0.0,0.0,0.0,10.0,111.5,0.0,0.0,0.0,0.0,0.0,0.0,0.0,23.0,0.0,0.0,0.0,0.0,30.0,0.0,159.5,0.0,0.0,0.0,0.0,1.5,0.0,0.0,0.0,0.0,50.0,0.0,5.0,25.0,0.0,0.0,6.0,0.0,39.0,0.0,10.0,43.0,0.0,0.0,0.0,0.0,0.0,0.0,0.0,0.0,43.5,0.0,0.0,0.0,6.0,0.0,0.0,9.0,10.0,0.0,0.0,23.0,45.0,0.0,77.5,0.0,0.0,0.0,0.0,0.0,0.0,138.5,0.0,0.0,0.0,11.0,0.0,0.0,0.0,37.0,0.0,0.0,0.0,0.0,0.0,0.0,144.0,114.0,16.0,Thiocyanate hydrolase.           
4.4.1.1,877.2,1249.85,1508.9,2250.2,1118.0,1201.0,1545.33333333,1206.3,1536.43333333,1324.96666667,247.45,891.116666667,1198.73333333,2635.63421053,1438.9,970.7,1309.63333333,936.6,1160.35,1442.62631579,937.831578947,1396.5,1064.56666667,1309.85,741.3,1768.15,949.6,1466.44473684,1517.24210526,1167.15,817.95,1048.6,1490.6,1312.25,2276.66666667,1190.0,651.8,550.25,2940.1,1322.8,1015.3,1044.7,2169.45,1091.85,2027.63333333,1423.78421053,2611.64210526,1170.95,1271.65,1284.05,1060.6,1694.5,838.4,1395.13333333,1222.3,1731.79285714,522.7,855.8,1506.8,975.783333333,630.3,956.933333333,946.0,23.05,1276.6,894.083333333,1231.45,1245.5,1639.2,788.4,1126.85,1671.0,1051.5,1448.76666667,1064.98333333,787.666666667,1278.63333333,1073.3,1090.9,2578.95,1150.4,1305.6,466.0,1163.45,790.9,790.816666667,596.6,895.4,1144.45,1176.6,2647.65,957.1,2046.65,1697.5,5094.90789474,1108.83333333,860.9,957.25,1887.85,1489.45,1728.35,2013.45,1213.95,899.3,2046.45263158,1665.93333333,1292.8,1285.46052632,1282.23333333,837.65,772.55,980.1,1561.23157895,684.4,1135.9,2021.5,1217.8,1469.9,1644.5,1238.6,879.8,1415.26666667,867.3,1174.7,1482.35,883.5,1512.2,511.5,1738.95,1349.86666667,1013.4,1533.7,1559.1,1161.15,1000.2,911.8,1269.39736842,1557.8,1083.58157895,1098.5,1632.65,1035.33333333,494.5,1825.4,1199.53333333,2462.85263158,1032.4,721.8,1280.18333333,1012.25,712.15,1275.65,1224.6,1514.55,1335.5,665.2,784.65,840.8,922.3,1115.56666667,1851.7,2787.58947368,1008.55,Cystathionine gamma-lyase.           
4.4.1.8,2993.42222222,2249.66292517,2644.81666667,1980.40137363,1341.62692308,3237.52713178,2293.46632653,2301.20703331,7997.84918059,2031.65340136,1337.81872391,5020.95704134,5175.23987502,1887.41335283,4105.02668456,2581.04082575,5985.1834533,2952.91666667,4084.16965683,3480.95614035,2608.89736842,2449.8047619,3639.81547619,5722.03343617,1642.010405,6641.49352485,1497.07149533,3880.51988304,4627.16347308,2642.51841841,2537.81666667,3436.11719521,6551.91666667,5753.60262089,10534.9123711,4604.73333333,2100.49476744,2207.45878136,4111.34800928,927.871428571,3079.63809524,4448.31196013,3927.48152739,2331.43992248,1135.23865056,4796.95887393,2612.32242148,4756.71629753,4566.24738131,3547.78888889,3306.03141026,2648.36666667,1575.71258503,4820.05564629,3948.35345146,5171.76666667,2203.90748299,2440.0,1326.16666667,4423.85367294,2336.79997243,4727.00941307,2587.86190476,78.0,2247.87358277,2435.77859015,3748.10979563,4758.41624145,5919.41666667,3697.34163898,2441.33888889,6904.26711506,4119.0483367,2198.99285714,3116.43459774,2316.25535168,4911.68322259,5289.66740495,2153.77897554,1363.92235202,5980.90077519,4850.80827401,2047.64516129,2290.5,2992.10327835,3766.63462532,851.166666667,1367.57380952,4605.13768918,4627.90813953,9154.90493006,1594.82564103,871.85704396,5463.99169435,5799.44259236,3743.18641002,4463.10392637,4107.37497231,6351.04899125,6025.49323593,6154.1201524,7191.8723571,4605.84045518,4249.02610858,3353.9618931,8312.32442745,3915.15700976,3309.37625459,5540.22159073,3661.50952381,1944.49659864,4594.03765227,4503.36760652,1225.42640187,1512.21666667,1637.96791277,3032.3151556,6568.65547382,3107.21406728,2020.90576923,4721.79861573,4887.61602564,3986.26802721,3902.84969798,3796.26346154,1768.61428571,2308.96703297,2301.82170543,6546.43732351,6225.32581992,3602.00634921,1486.23653846,5866.30350135,3915.84349858,2565.58537415,1552.54615385,3065.1377193,6202.27307558,3652.4251462,2029.88095238,3925.06196581,4033.24082424,1245.37882302,6844.57659285,5361.0280368,3129.89625506,6302.4932277,2045.43333333,4524.26445496,5612.54292929,2462.61519274,4883.24918789,3222.39692082,7961.80793651,5252.14435216,2056.16067653,2597.26254897,2298.75697674,3409.89943978,3608.74542125,3691.59761905,6847.10087719,3660.55555556,Cystathionine beta-lyase.           
1.8.1.6,0.0,0.0,0.0,0.0,0.0,0.0,0.0,0.0,0.0,0.0,0.0,0.0,0.0,0.0,0.0,0.0,0.0,0.0,0.0,0.0,0.0,0.0,0.0,0.0,0.0,0.0,0.0,0.0,0.0,0.0,0.0,0.0,0.0,0.0,0.0,0.0,0.0,0.0,0.0,0.0,0.0,0.0,0.0,0.0,0.0,0.0,0.0,0.0,0.0,0.0,0.0,0.0,0.0,0.0,0.0,0.0,0.0,0.0,0.0,0.0,0.0,0.0,0.0,0.0,0.0,0.0,0.0,0.0,0.0,0.0,0.0,0.0,0.0,0.0,0.0,0.0,0.0,0.0,0.0,0.0,0.0,0.0,0.0,0.0,0.0,0.0,0.0,0.0,0.0,0.0,0.0,0.0,0.0,0.0,0.0,0.0,0.0,0.0,0.0,0.0,0.0,0.0,0.0,0.0,0.0,0.0,0.0,0.0,0.0,0.0,0.0,0.0,0.0,0.0,0.0,0.0,0.0,0.0,0.0,0.0,0.0,0.0,0.0,0.0,0.0,0.0,0.0,0.0,0.0,0.0,0.0,0.0,0.0,0.0,0.0,0.0,0.0,0.0,0.0,0.0,0.0,0.0,0.0,0.0,0.0,0.0,0.0,0.0,0.0,0.0,0.0,0.0,0.0,0.0,0.0,0.0,0.0,0.0,0.0,0.0,0.0,0.0,0.0,Cystine reductase.           
4.4.1.15,696.0,995.666666667,889.0,503.666666667,370.0,847.0,659.166666667,383.333333333,5425.33333333,503.333333333,333.0,2747.66666667,2798.33333333,380.5,1301.0,150.0,2148.33333333,619.0,1514.66666667,1290.0,1080.8,740.0,168.595238095,1748.0,401.2,1391.0,11.5,2016.66666667,2087.73333333,936.0,976.666666667,1303.0,3777.16666667,1815.0,3234.66666667,2797.33333333,500.333333333,919.0,1058.8,190.4,874.0,1565.0,1319.66666667,692.933333333,34.3333333333,2452.66666667,539.0,1288.5,664.0,1870.66666667,650.0,819.666666667,311.0,1316.33333333,1557.0,2064.6,800.0,1038.0,309.0,1191.33333333,907.0,2170.33333333,1036.66666667,0.0,782.0,839.0,1306.06666667,1329.0,2144.0,1779.66666667,890.0,3230.0,1104.0,563.566666667,969.666666667,860.0,1370.6,2029.0,628.666666667,175.0,2559.0,1200.0,967.0,920.0,812.0,1108.0,364.0,205.333333333,1287.0,2361.0,1292.5,5.2,73.1666666667,1409.0,968.666666667,1152.83333333,1428.66666667,1517.0,1588.0,2736.0,1515.0,1488.0,1220.0,1292.5,888.066666667,1524.33333333,744.0,1135.66666667,2163.33333333,1677.0,651.333333333,1930.0,1525.0,6.0,10.5,202.333333333,780.0,1889.0,687.833333333,497.0,2536.0,241.166666667,1798.0,833.611111111,1495.13333333,465.0,647.0,1085.0,1727.0,3648.66666667,1794.0,518.8,1566.66666667,1298.0,871.0,429.333333333,1263.33333333,3335.5,1943.0,404.0,1345.0,2361.33333333,1.4,867.0,1646.33333333,884.333333333,4627.0,713.0,1081.5,3519.0,652.0,1179.0,1058.0,4746.16666667,1721.0,672.0,1292.0,490.0,783.833333333,958.333333333,1331.0,2399.36666667,1668.5,D-cysteine desulfhydrase.           
4.4.1.9,,,,,,,,,,,,,,,,,,,,,,,,,,,,,,,,,,,,,,,,,,,,,,,,,,,,,,,,,,,,,,,,,,,,,,,,,,,,,,,,,,,,,,,,,,,,,,,,,,,,,,,,,,,,,,,,,,,,,,,,,,,,,,,,,,,,,,,,,,,,,,,,,,,,,,,,,,,,,,,,,,,,
4.4.1.10,,,,,,,,,,,,,,,,,,,,,,,,,,,,,,,,,,,,,,,,,,,,,,,,,,,,,,,,,,,,,,,,,,,,,,,,,,,,,,,,,,,,,,,,,,,,,,,,,,,,,,,,,,,,,,,,,,,,,,,,,,,,,,,,,,,,,,,,,,,,,,,,,,,,,,,,,,,,,,,,,,,,
4.2.1.1,4692.72222222,6368.21666667,3663.31666667,6087.18888889,3241.31111111,4523.4,5709.56111111,5269.47777778,11030.0261649,4748.28888889,2464.39444444,7256.53333333,8873.31666667,3313.0917004,5322.25833333,6671.92580645,10496.8916667,3134.51666667,5185.08333333,11369.1384053,8947.93625731,4802.26666667,7738.81666667,9054.66111111,2666.21157731,6979.05980392,3093.56111111,12885.2476608,12627.3076023,7730.73243728,4258.24166667,3884.10555556,14282.9371212,9858.08333333,18877.1931004,11602.2583333,3229.65833333,10740.9914875,7754.20897436,2689.26666667,3444.2,5292.16666667,5536.01666667,7073.41944444,2347.80213675,15564.7667004,5111.61764507,7694.29444444,10198.4779043,11621.4333333,4979.125,6153.34444444,2564.66666667,8585.91740939,11775.2583333,14968.4688034,1927.98888889,9308.41111111,3937.18888889,7588.60555556,11484.1817204,7832.46111111,11307.1861111,102.8,6601.93333333,4039.36666667,7124.35,7814.93910256,12072.2833333,5766.26111111,10026.0277778,13354.4830065,6925.38235294,5031.01111111,4765.75641026,3570.51666667,6899.76666667,9061.27777778,6094.55320513,2803.90299145,9026.77777778,8166.05,8731.85304659,7309.22777778,4719.78333333,8467.25833333,1921.37777778,2585.37777778,12112.1722222,5568.21666667,16809.8366039,4365.76388889,1933.27606838,6358.05833333,8868.6541498,5263.19166667,7430.575,4923.65,11131.5666667,15382.1791667,14734.7916667,8884.21666667,7133.7,7918.46666667,7944.32467386,11950.4619281,5388.3,10235.8354476,8316.48055556,5709.59166667,3204.675,7720.54444444,14267.7501462,2215.80555556,2779.53333333,2895.65042735,5370.76944444,6947.17777778,8029.02649573,5974.0,8285.78888889,8966.64166667,7016.04722222,4387.63333333,14027.9472222,5027.86666667,2778.12777778,9790.31944444,8609.21666667,11023.9611111,6387.625,2939.64722222,9632.95555556,4812.13333333,2168.05833333,4490.13055556,10183.6654971,11603.2625448,8457.74181287,2481.13333333,11045.0805556,5942.54166667,2678.78888889,13948.5666667,6751.52571685,8683.82446019,9601.12222222,2112.83333333,5708.51505376,9968.69444444,6152.86111111,6726.87222222,9294.55143369,13430.4694444,8355.6,1905.36666667,7990.31460573,3554.1,5118.51372549,5084.4,12850.8694444,14791.9842105,10196.9805556,Carbonic anhydrase.           
2.8.1.3,,,,,,,,,,,,,,,,,,,,,,,,,,,,,,,,,,,,,,,,,,,,,,,,,,,,,,,,,,,,,,,,,,,,,,,,,,,,,,,,,,,,,,,,,,,,,,,,,,,,,,,,,,,,,,,,,,,,,,,,,,,,,,,,,,,,,,,,,,,,,,,,,,,,,,,,,,,,,,,,,,,,
4.4.1.2,0.0,0.0,0.0,0.0,0.0,0.0,0.0,0.0,0.0,0.0,0.0,0.0,0.0,0.0,0.0,0.0,0.0,0.0,0.0,0.0,0.0,0.0,0.0,0.0,0.0,0.0,0.0,0.0,0.0,0.0,0.0,0.0,0.0,0.0,0.0,0.0,0.0,0.0,0.0,0.0,0.0,0.0,0.0,0.0,0.0,0.0,0.0,0.0,0.0,0.0,0.0,0.0,0.0,0.0,0.0,0.0,0.0,0.0,0.0,0.0,0.0,0.0,0.0,0.0,0.0,0.0,0.0,0.0,0.0,0.0,0.0,0.0,0.0,0.0,0.0,0.0,0.0,0.0,0.0,0.0,0.0,0.0,0.0,0.0,0.0,0.0,0.0,0.0,0.0,0.0,0.0,0.0,0.0,0.0,0.0,0.0,0.0,0.0,0.0,0.0,0.0,0.0,0.0,0.0,0.0,0.0,0.0,0.0,0.0,0.0,0.0,0.0,0.0,0.0,0.0,0.0,0.0,0.0,0.0,0.0,0.0,0.0,0.0,0.0,0.0,0.0,0.0,0.0,0.0,0.0,0.0,0.0,0.0,0.0,0.0,0.0,0.0,0.0,0.0,0.0,0.0,0.0,0.0,0.0,0.0,0.0,0.0,0.0,0.0,0.0,0.0,0.0,0.0,0.0,0.0,0.0,0.0,0.0,0.0,0.0,0.0,0.0,0.0,Homocysteine desulfhydrase.           
1.13.11.20,336.0,69.0,183.0,104.0,192.0,305.0,325.0,329.0,737.0,284.0,146.0,492.0,658.0,67.0,345.0,538.0,761.0,169.0,326.0,392.0,271.0,273.0,658.0,626.0,136.0,440.0,21.0,416.0,346.0,149.0,279.0,236.0,767.0,681.0,1291.0,508.0,232.0,266.0,358.0,55.0,169.0,337.0,283.0,243.0,0.0,580.0,209.0,615.0,833.0,374.0,302.0,232.0,146.0,667.0,366.0,477.0,112.0,147.0,45.0,534.0,260.0,554.0,265.0,9.0,95.0,278.0,488.0,586.0,832.0,423.0,164.0,992.0,511.0,298.0,309.0,229.0,519.0,645.0,431.0,57.0,640.0,623.0,179.0,126.0,360.0,455.0,19.0,126.0,679.0,355.0,1331.0,67.0,0.0,423.0,279.0,361.0,525.0,345.0,588.0,978.0,801.0,642.0,506.0,620.0,356.0,833.0,371.0,400.0,561.0,387.0,197.0,569.0,334.0,20.0,35.0,57.0,346.0,470.0,546.0,421.0,618.0,762.0,487.0,286.0,391.0,375.0,80.0,181.0,618.0,725.0,465.0,33.0,720.0,309.0,55.0,303.0,246.0,878.0,243.0,98.0,212.0,429.0,21.0,1098.0,434.0,356.0,686.0,113.0,414.0,601.0,367.0,492.0,254.0,744.0,652.0,101.0,161.0,259.0,390.0,354.0,303.0,1082.0,354.0,Cysteine dioxygenase.           
3.1.6.1,900.0,1194.66666667,470.333333333,2256.93333333,450.666666667,364.0,1276.83333333,178.333333333,705.0,469.333333333,0.0,432.0,750.0,3287.75,825.0,2731.0,540.0,1336.66666667,675.0,530.0,361.666666667,720.0,1588.5,603.333333333,865.266666667,1327.06666667,435.0,842.0,809.0,795.666666667,1915.66666667,345.0,1181.83333333,1053.66666667,1785.0,1240.33333333,362.333333333,285.0,3202.0,2025.0,1009.0,495.0,1518.8,457.333333333,3955.58333333,1014.33333333,3374.91666667,0.0,2794.0,767.666666667,727.0,1203.66666667,225.0,0.0,1747.33333333,1130.66666667,270.0,1171.33333333,1680.0,133.333333333,179.666666667,255.0,895.666666667,0.0,2598.0,956.666666667,484.666666667,645.0,3032.0,705.0,1180.0,990.0,172.666666667,357.666666667,1524.66666667,2285.33333333,135.0,405.0,763.666666667,3564.0,270.0,304.666666667,150.0,2066.66666667,195.0,512.333333333,675.666666667,400.333333333,496.333333333,1020.0,6451.5,1533.33333333,3791.5,802.666666667,9011.66666667,1029.5,216.533333333,390.0,1138.13333333,2238.0,1873.0,1665.0,2923.0,872.0,1533.0,1245.0,1275.0,471.333333333,390.0,165.0,1360.33333333,675.0,529.0,240.0,690.666666667,2431.0,1056.66666667,468.333333333,2407.66666667,386.0,1080.0,1670.5,480.0,315.0,826.333333333,92.0,1223.33333333,369.0,1368.0,555.0,919.5,1841.0,1008.66666667,630.0,738.2,328.666666667,286.666666667,1155.0,789.0,930.0,2159.66666667,798.333333333,306.333333333,5286.0,699.933333333,2345.33333333,990.0,332.333333333,730.833333333,777.333333333,386.666666667,510.0,1056.2,1136.83333333,0.0,360.0,976.133333333,377.0,332.333333333,318.333333333,933.333333333,958.666666667,703.0,Arylsulfatase.           
1.8.3.4,,,,,,,,,,,,,,,,,,,,,,,,,,,,,,,,,,,,,,,,,,,,,,,,,,,,,,,,,,,,,,,,,,,,,,,,,,,,,,,,,,,,,,,,,,,,,,,,,,,,,,,,,,,,,,,,,,,,,,,,,,,,,,,,,,,,,,,,,,,,,,,,,,,,,,,,,,,,,,,,,,,,
