Sample,n16S.mean,n16S.sd,nge.mean,nge.sd,ncds.mean,ncds.sd,genome_size.mean,genome_size.sd,GC.mean,GC.sd,phi.mean,phi.sd,confidence.mean,confidence.sd
171118_5,1.708279709,0.946735055,1.900957342,1.67193957,2939.985993,1719.121187,3329404.357,2121327.296,47.05997751,14.10503099,0.428957079,0.110147537,0.500210289,0.14961745
171121_9,1.728327227,0.9486549,1.878859329,1.464045322,2955.06559,1766.996875,3385383.637,2260030.699,46.27216911,15.46254418,0.453818577,0.120797003,0.494053614,0.142393872
171120_8,1.649508916,0.970902902,1.627384633,1.379506613,2877.965297,1620.029071,3258467.539,2035417.612,47.05106056,14.21581089,0.432173315,0.100717514,0.506937347,0.139678644
171124_6,1.506756251,0.881549944,1.480405703,1.251400118,2641.557035,1712.707044,3038960.638,2239691.743,45.37499861,13.85900554,0.451002192,0.094466214,0.506053272,0.123525436
171125_22,1.414567417,0.8546341,1.431040728,1.047817199,2775.683022,1582.46573,3097234.278,1899784.157,47.97644475,13.87599913,0.459781553,0.083256008,0.513953728,0.110607353
171116_9,1.677003965,0.848220867,1.665575778,1.290078269,2783.999743,1478.646577,3159077.199,1881818.761,48.24805347,14.67849757,0.430607406,0.121780832,0.482930333,0.15233971
171125_12,1.386861162,0.816145571,1.333724462,0.919352108,2564.118928,1476.301164,2864791.83,1803495.691,47.34312643,13.65811433,0.454670308,0.090534724,0.510037353,0.117541917
171116_4,1.715979658,0.87881766,1.742881209,1.451807076,2865.277718,1454.168693,3241472.193,1839223.141,49.12059397,13.16071117,0.422907039,0.114843188,0.49108553,0.155036024
171124_2,1.468302952,0.873622791,1.406051649,1.138239579,2640.402022,1671.974424,3012463.606,2156861.402,46.06622337,14.07700128,0.454613166,0.093603993,0.502745721,0.121100655
171120_5,1.460077258,1.013801379,1.498845381,1.265340884,2644.762471,1745.142312,2966389.736,2103615.334,44.20555688,14.14586164,0.46756025,0.085674548,0.495778401,0.102566731
171124_8,1.868389815,0.943960325,1.698065984,1.319710319,3192.978989,1651.644995,3762432.843,2283229.698,48.82115622,12.64182562,0.417554837,0.106166624,0.50041306,0.153686135
171126_2,1.610389098,0.888287038,1.312458429,1.074007533,2382.251535,1151.15008,2534640.628,1399684.805,46.83771391,14.71253532,0.450657093,0.088909853,0.505514141,0.122808131
171117_12,2.015023104,1.25854713,2.159938408,2.299184542,3280.324467,2320.292886,3817200.252,2932671.849,46.94575544,12.81845087,0.421107087,0.121909324,0.472190929,0.157387399
171122_6,1.723664183,0.957892731,1.919197846,1.50052801,2999.630957,1676.69183,3392579.769,2105306.471,47.29827971,15.71900184,0.449054478,0.121134662,0.493614251,0.14683104
171126_1,1.632666876,1.001357909,1.297133548,1.045125085,2356.780413,1120.478933,2506973.174,1358323.451,45.53500147,14.61941174,0.445716667,0.085413236,0.50220639,0.123651684
171118_11,1.714921436,0.923461391,1.748987083,1.530608923,2796.398026,1590.848089,3149176.867,1976400.277,47.86033322,14.23667859,0.434151664,0.111930626,0.497385539,0.145989665
171121_8,1.718754302,0.930721681,1.88437041,1.464304337,2972.030289,1743.277129,3412008.575,2263403.667,46.87226046,15.12393677,0.45130671,0.114729837,0.499117103,0.138940351
171117_15,1.857826777,1.061946855,1.942331628,1.847288009,3137.933675,1853.197436,3621586.918,2329319.448,47.98785827,12.58662275,0.415658699,0.116701089,0.489311548,0.161827145
171122_1,1.669965755,0.980601681,1.974948949,1.633057859,2965.710238,1709.699843,3342854.595,2116458.772,46.41846209,15.32626129,0.446686033,0.114745447,0.488974253,0.140680028
171122_11,1.641036844,0.894631298,1.726200791,1.346532987,2714.230942,1631.780842,3052556.56,2032628.989,45.09128653,16.2446777,0.457742306,0.128678237,0.486289702,0.14888995
171126_7,1.682681321,1.01868171,1.511151957,1.311796192,2658.854167,1360.139408,2884921.248,1646765.854,48.0552318,14.26743432,0.442647123,0.095390872,0.507815471,0.132708589
171119_2,1.545817931,0.906893497,1.629874405,1.352784626,2665.591968,1692.855577,3013545.834,2103690.499,44.17460368,14.09243013,0.444911313,0.109473874,0.490450197,0.133413702
171125_9,1.491253215,0.913323154,1.384356884,1.044560775,2586.978048,1462.416884,2947772.766,1879173.668,48.09913554,13.10228199,0.429529108,0.108982517,0.495572259,0.146061502
171121_2,1.764434966,0.980350454,1.868826966,1.538587541,2954.976536,1853.056205,3416577.207,2394895.321,45.17663346,15.05139333,0.444656717,0.121846955,0.497148745,0.148534139
171122_5,1.70735238,0.918899495,1.850327266,1.487112964,2941.773985,1679.895305,3332836.736,2137300.535,46.80418307,15.38076141,0.443157211,0.119939792,0.49412061,0.147679757
171119_8,1.656580123,0.891289125,1.827453468,1.469829897,2959.91623,1759.558636,3433931.848,2325074.776,46.51670162,13.54456691,0.443319286,0.107379612,0.494163487,0.13032559
171116_12,1.679942289,0.921549354,1.655790741,1.301314675,2830.252516,1536.605004,3221500.428,2001279.752,48.32217559,14.55953588,0.433490822,0.114926083,0.487207069,0.146075446
171119_12,1.716526828,0.842337228,1.706508716,1.270485309,3105.087993,1813.406782,3751147.56,2623120.116,45.87620654,12.87699024,0.427924036,0.115103846,0.485819271,0.145715626
171125_17,1.372357951,0.788220323,1.357592093,0.957531818,2735.153051,1590.377624,3063701.695,1921160.141,47.71114331,13.93172589,0.463004209,0.083227607,0.512601668,0.108280012
171126_10,1.462487769,0.933201803,1.585484832,1.196916484,2748.349717,1539.324712,3038336.007,1838500.553,47.84249661,14.12225895,0.45447207,0.081046992,0.519724189,0.115873858
171122_12,1.688255647,0.911127568,1.860581723,1.523085695,2772.718872,1771.020981,3153232.924,2218277.344,43.81738068,16.60278408,0.459091393,0.140160487,0.482802622,0.157943249
171120_16,1.743573279,0.99413842,1.836769077,1.657799162,2899.162883,1737.936424,3283434.248,2188512.587,47.0301165,14.27370312,0.432639406,0.110288074,0.498588648,0.146285196
171116_24,1.67135005,0.858579622,1.721606354,1.29590369,2838.077993,1483.478051,3237944.418,1913045.246,48.12394949,14.12179112,0.429502218,0.124445437,0.483097869,0.157174391
171117_3,2.004401954,1.346284519,2.317161439,2.434993293,3335.463707,2676.810197,3958201.729,3360845.587,46.08509839,11.08511201,0.406135393,0.129534195,0.459559361,0.16782843
171118_14,1.688631779,0.873372988,1.705234668,1.339044574,2762.902663,1548.792395,3121353.706,1962702.903,48.18647552,15.26926596,0.446051158,0.120320031,0.499712405,0.146359852
171118_3,1.720601002,0.939791289,1.813549276,1.543761242,2865.716837,1608.839893,3233862.776,1994634.736,47.49812048,14.41800352,0.434302977,0.109454396,0.500001705,0.145967156
171116_13,1.729173414,0.920026865,1.857155225,1.614552877,2973.11429,1654.451979,3374460.161,2057648.09,47.44115002,13.74432283,0.426724914,0.104445496,0.50044868,0.148055671
171126_3,1.734390571,1.067347928,1.472115793,1.328657175,2591.356333,1342.20601,2821890.989,1639151.275,47.27667934,14.14176788,0.442769899,0.099472991,0.504714006,0.134266506
171122_4,1.692190406,0.921390754,1.856432259,1.505206582,2833.182843,1723.207807,3217344.537,2181833.119,45.2709329,16.23666796,0.454564633,0.128903809,0.489011183,0.149933245
171120_12,1.560684925,0.97918902,1.613842496,1.371514417,2765.992044,1715.504553,3103281.558,2109525.046,44.88495453,13.71915934,0.435567492,0.094742917,0.501855244,0.131408665
171122_9,1.71730208,0.908237851,1.896775233,1.509922122,2988.57582,1672.304759,3399576.257,2140396.221,47.3401221,15.46460072,0.447503686,0.12125487,0.49531236,0.147436313
171119_1,1.571577625,0.931082824,1.617692726,1.372828125,2646.183468,1739.182142,2989329.456,2145210.114,43.83978125,14.79995869,0.455035383,0.11688928,0.490664006,0.135582175
171121_4,1.709061654,0.928029631,1.809487272,1.393580428,2888.819933,1694.141428,3307568.257,2186619.831,46.32331909,15.19180398,0.450197688,0.11701497,0.498605257,0.142212049
171119_4,1.518798509,0.935564106,1.590506513,1.351767324,2663.047534,1757.459951,3003844.796,2157488.497,44.01329837,14.533785,0.460457861,0.106699834,0.48827569,0.122454615
171125_20,1.384396055,0.820488873,1.419575698,1.023229876,2822.907422,1561.743774,3148285.892,1880536.905,49.11643437,13.99514296,0.458049381,0.088880495,0.507876774,0.116028076
171122_2,1.657127748,0.965049672,2.092150409,1.667043796,3045.863598,1740.788313,3434455.735,2153409.776,46.86616429,15.6127882,0.44979846,0.118455114,0.48373372,0.140041227
171125_7,1.524961956,0.937067431,1.403967941,1.112911972,2681.036061,1522.52512,3099917.956,1979542.763,50.16264741,12.2172271,0.411368383,0.119691714,0.474793403,0.161605798
171126_9,1.580143607,1.007136233,1.55819649,1.20498777,2716.69099,1454.62793,2996934.217,1729296.202,47.36399446,13.97880688,0.445207753,0.092450515,0.513055488,0.129455083
171125_21,1.532443143,0.93714435,1.411325192,1.086577179,2669.596575,1483.791698,3062425.493,1920653.211,49.25531044,12.6668824,0.41822506,0.115250294,0.485069986,0.155848192
171118_13,1.609006722,0.856232768,1.644919948,1.276888806,2635.870565,1547.216112,2958784.361,1921773.078,46.02419198,15.92407578,0.447795907,0.125387086,0.49053627,0.150395294
171120_11,1.606005613,0.917694713,1.607072062,1.357256344,2815.071933,1694.657001,3203075.393,2180136.517,47.01350439,14.30436183,0.440947917,0.103742947,0.507462753,0.136267335
171119_3,1.627134125,0.918681991,1.713909553,1.427245628,2788.385125,1798.496246,3214344.178,2327307.879,44.45295967,14.25819224,0.450562301,0.111271301,0.493053367,0.133087094
171118_9,1.646870361,0.864669234,1.59407996,1.263774801,2665.062629,1406.471951,2987055.052,1758295.101,47.56605537,14.58813678,0.431055098,0.111242085,0.498886922,0.14806067
171117_6,1.927518314,1.162131738,1.890020899,2.012565056,3093.135316,2069.675398,3587602.104,2650571.837,48.13720923,13.30023997,0.42780083,0.123014146,0.479632024,0.155235855
171125_24,1.394530672,0.868474098,1.4325071,1.111552888,2621.247065,1600.685437,2910940.056,1913464.418,46.16321986,14.27478421,0.459305796,0.08257668,0.515457257,0.111248208
171116_5,1.789762394,1.031382382,1.917414345,1.726260546,3136.717529,1786.2378,3597902.677,2246581.421,48.66551366,13.35995139,0.428312249,0.111669146,0.495945462,0.151941541
171121_11,1.6922543,0.924804972,1.763971961,1.407186392,2817.811245,1575.317225,3177056.419,1979281.618,47.66033462,15.11079961,0.448506374,0.111819568,0.505599559,0.139741231
171117_2,2.051164709,1.27804514,2.122785115,1.935922254,3094.241564,2198.922585,3654575.887,2809818.471,46.34568634,10.87229038,0.401832319,0.126684543,0.506343621,0.179772569
171124_1,1.419415805,0.864179757,1.392658715,1.134708949,2530.247065,1672.979486,2860499.006,2125939.666,44.63428897,13.93982309,0.459914667,0.083923158,0.511461114,0.112390001
171125_2,1.596399212,1.019139411,1.487571129,1.317500379,2789.318435,1718.408101,3273316.322,2184448.771,50.88264226,11.332134,0.377267036,0.126133567,0.447189721,0.185186904
171117_21,1.878757596,0.91305808,2.134048694,1.96038753,3271.659535,1675.772278,3692012.324,2095296.573,49.99759931,12.4705436,0.433554904,0.096749437,0.506445679,0.135844222
171118_7,1.864031292,1.064304732,2.175502179,2.038493009,3210.46125,2073.354911,3684525.496,2588893.4,46.53443456,13.61236324,0.427614805,0.112759358,0.49500759,0.150441399
171120_3,1.491600879,1.06351245,1.541597262,1.308306306,2656.296154,1737.707176,2985503.189,2104282.013,44.33358541,13.96926958,0.46554181,0.08318594,0.495177226,0.100848011
171116_8,1.672437002,0.807051489,1.608289206,1.165717695,2721.110165,1363.151983,3061586.477,1727516.005,48.58273755,14.71214214,0.432339452,0.120845928,0.487705563,0.151108736
171125_5,1.60654012,1.010776267,1.466458113,1.192397752,2792.192239,1622.99448,3263945.506,2118460.069,49.69662896,11.88042072,0.395637506,0.119842369,0.472465758,0.173303194
171117_4,2.107259215,1.430567927,2.459739676,2.622243438,3499.85105,2840.590393,4169314.297,3578944.144,45.61823046,11.29187933,0.409189695,0.130442017,0.454437643,0.166010689
171121_10,1.773791554,1.073178437,2.019413903,1.609083644,3130.334646,1773.104475,3578830.175,2274815.96,48.18783036,15.05641484,0.450541132,0.111116658,0.496608268,0.136611291
171118_8,1.661313508,0.875992901,1.673737757,1.27440873,2736.076267,1408.965191,3064656.847,1735619.188,47.66852767,14.49867204,0.432768484,0.10963477,0.494013345,0.145250466
171120_1,1.573878653,1.059645145,1.71853084,1.432738594,2813.495001,1755.238302,3222706.028,2213672.409,45.62125327,13.42482967,0.449955229,0.095325748,0.489497176,0.118830731
171118_12,1.602614501,0.819274654,1.551816642,1.135184218,2553.68991,1492.09929,2881499.434,1912738.885,46.24931658,16.07875808,0.450616775,0.126995515,0.489782084,0.147746398
171118_15,1.729751451,0.855818831,1.753329903,1.345801643,2885.668358,1508.977203,3298682.703,1991100.494,49.53190873,14.24982744,0.438776906,0.120798764,0.497864255,0.147222463
171120_4,1.473099539,1.063567562,1.532543496,1.287429234,2727.807947,1720.684365,3048515.169,2054803.777,45.24308288,14.05583392,0.465424011,0.079732993,0.495844815,0.097920019
171121_13,1.646361604,0.888849318,1.62367189,1.355461424,2625.662468,1602.956853,2959820.463,2033079.03,45.3259421,15.37134694,0.445851183,0.114094586,0.510589394,0.146054513
171121_12,1.657026481,0.883175326,1.758033246,1.449507025,2771.458876,1617.935021,3125984.152,2052669.274,47.61760102,15.15178464,0.450783395,0.108865032,0.510762094,0.137572898
171116_2,1.748121362,1.005010956,1.876461422,1.662389118,2978.036692,1743.30558,3391734.151,2187808.666,46.86326833,13.74931744,0.421537345,0.110263523,0.496336448,0.153868267
171118_2,1.883938088,0.989740686,2.365335991,1.979678474,3354.165846,2012.914989,3837087.881,2480950.03,46.71671167,13.5646976,0.433701465,0.106516267,0.513533633,0.141364502
171117_13,2.007334247,1.297665587,2.141304509,2.35845975,3270.919785,2444.29927,3826775.461,3089589.78,47.81672665,12.20632738,0.419010689,0.120061018,0.466394069,0.154576466
171117_7,2.010614124,1.176376995,2.109858401,2.146118008,3360.47015,2123.716939,3925570.875,2724091.279,48.827348,12.4366728,0.422263102,0.112038661,0.484763333,0.151966526
171116_17,1.886221164,1.010046362,2.390672003,2.142648346,3342.807509,2051.95103,3840031.77,2537495.601,46.72972723,13.7323996,0.434391767,0.111325144,0.502109071,0.144072231
171125_6,1.550982903,0.95233752,1.432928363,1.156727152,2691.5812,1577.755751,3121230.582,2044473.536,49.14599298,12.48030954,0.401990321,0.120924467,0.473740853,0.170739823
171121_6,1.777373907,0.971276337,1.956064658,1.58211334,3101.380042,1818.452991,3566504.846,2350899.134,47.86471236,14.67159265,0.445955675,0.110621636,0.50360309,0.138674621
171121_14,1.758202996,0.995864437,1.970668352,1.727082374,3086.833516,1765.917876,3528959.026,2213677.772,48.04661887,14.22298371,0.438991109,0.108266722,0.507555398,0.142910971
171116_20,1.74666381,0.878935271,1.864148549,1.473135327,3148.540274,1531.363114,3666305.068,2043480.609,50.66670932,12.07708767,0.410601587,0.126997408,0.469592304,0.165517665
171126_4,1.67684678,0.99602322,1.430896994,1.20949147,2531.765741,1266.548076,2737130.284,1522841.392,47.7539435,14.53083764,0.447184087,0.096616011,0.507616398,0.131638183
171119_10,1.61504585,0.899438537,1.72395476,1.432155913,2840.895803,1809.037222,3281052.737,2344023.248,44.59739986,13.72137998,0.439912691,0.113350009,0.489580993,0.13730307
171125_23,1.386478664,0.826611674,1.402926423,1.026272674,2740.956056,1589.336257,3062874.71,1919085.011,48.10721905,14.05357004,0.462046355,0.083108382,0.510371457,0.107780505
171117_1,1.932664967,1.291942077,2.131426853,2.29138735,3198.316284,2532.642673,3780675.205,3202141.047,46.56706135,11.07854355,0.400409908,0.12151176,0.45771779,0.166309778
171116_21,1.740502991,0.872123707,1.565390115,1.235857506,2849.508652,1404.250022,3238200.89,1799176.062,49.81545492,13.59761745,0.421982207,0.121891428,0.481105924,0.158006758
171117_10,2.019215888,1.196028101,2.137715506,2.139039631,3379.445518,2195.495923,3941280.971,2806658.022,47.16308689,12.70411273,0.419751591,0.118073039,0.478339933,0.156117913
171120_7,1.57946962,0.937588408,1.701165654,1.45286654,2804.239805,1711.050365,3157406.005,2108109.785,46.1060363,14.1904773,0.442128608,0.100178721,0.504545074,0.133437081
171121_1,1.766774047,0.98141023,1.820341202,1.475942627,2927.153098,1844.040872,3395021.21,2397251.014,44.78150898,15.22430944,0.447271989,0.125524462,0.494111135,0.150962513
171125_25,1.387042889,0.82475372,1.398622317,0.98603295,2755.262895,1584.339652,3084052.914,1919691.983,48.0784559,13.99970502,0.461508287,0.083717874,0.510811585,0.109256809
171118_6,1.755279987,0.973759298,1.966724183,1.753625677,2978.100914,1871.097416,3390713.564,2333094.41,45.88274179,14.24885215,0.431242733,0.111388709,0.49544305,0.147071841
171119_7,1.583609387,0.911935517,1.703562522,1.432005952,2771.608524,1811.678596,3180408.19,2324752.628,44.29454377,13.88479039,0.446978783,0.106248566,0.492434024,0.129643545
171120_14,1.669242357,1.023790667,1.664225025,1.348552744,2715.14682,1572.249797,3033651.885,1930297.229,46.74913825,15.03562439,0.446324049,0.108027919,0.505978777,0.13706802
171118_17,1.61150204,0.831233384,1.568213834,1.153719193,2592.035213,1414.918588,2890232.635,1755182.61,46.63768941,15.40374255,0.438027125,0.115085977,0.496375373,0.146930438
171117_5,2.030326305,1.274251091,2.031535161,1.896763575,2952.745345,2195.278316,3476968.049,2821930.725,45.69088399,10.63255744,0.406724252,0.127095736,0.51663824,0.179369749
171125_15,1.375721297,0.78467385,1.357682829,0.942635069,2738.474251,1548.371062,3062468.864,1866133.422,48.27206538,13.87139844,0.460267633,0.08625955,0.510484865,0.111855807
171116_11,1.647249316,0.820888018,1.561205761,1.157623876,2758.974758,1398.01819,3138549.899,1810274.384,48.02120718,14.3126556,0.42100897,0.118955534,0.473215147,0.153834974
171122_8,1.691239291,0.915601945,1.871652834,1.50849043,2881.169418,1665.574952,3248273.056,2088747.555,46.41349873,15.82431974,0.451590769,0.122190161,0.494844378,0.146171419
171125_14,1.393728863,0.802185609,1.357770917,0.966513253,2695.023053,1551.232198,3022550.402,1901548.475,47.95128471,13.84848528,0.458195633,0.088891181,0.510694409,0.114690983
171120_9,1.571530953,0.935905508,1.645627587,1.397536402,2730.724933,1692.003704,3069024.66,2077377.966,45.89478822,14.27798241,0.447203657,0.099914348,0.503427063,0.128395663
171116_18,1.772226808,0.991622908,1.816878384,1.538474478,3055.481447,1592.940295,3477666.612,1980303.194,49.07885848,13.57825613,0.426358078,0.110823269,0.484522808,0.146470189
171118_1,1.745395366,0.947048862,1.934488202,1.67949293,3007.817331,1656.180236,3418335.711,2056275.504,48.62404462,13.9997834,0.435702497,0.111350473,0.499702816,0.144896471
171125_13,1.368340222,0.785341633,1.308925536,0.887945844,2554.317587,1487.608155,2869523.182,1835672.755,47.60349531,13.87765738,0.451136757,0.097406106,0.505987316,0.125154664
171121_5,1.704386626,0.943540856,1.864232478,1.450859061,2925.007045,1700.724664,3321750.623,2156870.01,47.08451863,15.05205955,0.447383466,0.110522337,0.505623227,0.138757844
171117_9,1.936659168,1.071801913,2.02687678,1.873272171,3308.660111,1891.292474,3838103.67,2401494.711,48.68888218,12.23594958,0.417097107,0.113799793,0.493442174,0.15684131
171119_6,1.887632919,0.92425528,2.111189082,1.711367646,3457.784907,1992.952861,4195928.338,2805747.551,46.45716668,13.10126185,0.434792987,0.112073679,0.486220299,0.138192682
171117_16,1.931048377,1.144235741,1.959290671,2.025428017,3186.813705,2062.706375,3701952.021,2619915.961,48.58528132,12.92685149,0.419144272,0.122928725,0.47723026,0.159860061
171126_8,1.648789157,0.981422215,1.583072037,1.330117548,2736.234246,1435.546911,3010050.587,1743220.666,47.81727508,14.06705815,0.442524619,0.093642061,0.510924965,0.132452395
171118_16,1.644917144,0.864572081,1.608831601,1.311970154,2628.016035,1622.160932,2983372.831,2086412.081,45.59569308,15.65020439,0.441785736,0.125626956,0.495776004,0.153943149
171125_18,1.394577345,0.799428073,1.37791497,0.993582857,2690.678959,1549.73732,3013006.143,1886564.173,47.82894865,13.95068163,0.456320698,0.089647235,0.511424805,0.117849135
171117_8,1.968740857,1.153491605,2.05893915,2.099539871,3300.847691,2105.252056,3844196.361,2688559.738,49.15790355,12.70515602,0.424287085,0.118281739,0.481400144,0.15422086
171120_15,1.786109874,0.997633564,2.060957451,1.780359642,3134.841984,1853.530744,3579886.981,2318361.854,47.23049647,13.69337803,0.432101603,0.105478324,0.506601039,0.142013025
171126_12,1.475691752,0.979186983,1.632359504,1.225430144,2991.082262,1503.669869,3297546.742,1789380.103,49.68697681,13.84559931,0.450281825,0.079200576,0.517275998,0.116870772
171117_17,1.947001195,1.173045595,1.996305023,2.093746244,3191.092365,2117.548876,3682983.874,2695995.597,48.87694237,13.37107224,0.43101478,0.118302469,0.480993893,0.149594796
171117_20,1.883917343,0.947265889,2.138075523,1.949158432,3288.029173,1751.481372,3715060.902,2185205.885,50.03386586,12.62871642,0.434866552,0.097177108,0.505339055,0.13564101
171119_5,1.526770611,0.941488845,1.650090595,1.382674413,2720.016525,1823.744494,3095726.078,2295204.294,44.23995736,14.90451374,0.467382443,0.105440933,0.489395921,0.120400628
171121_7,1.717781866,0.957967319,1.928729135,1.522688683,3003.932882,1728.577331,3419873.667,2200947.139,47.62759526,14.92184508,0.448499428,0.109912175,0.503873995,0.136377467
171118_10,1.774322371,0.934520078,1.949634444,1.671331234,2992.498804,1750.427553,3396600.957,2182912.424,46.37270304,13.88973722,0.427516998,0.109034464,0.500764829,0.147247815
171117_19,1.878686596,0.939599608,2.081647959,1.926464945,3176.381653,1706.713436,3601557.749,2136462.684,49.2908245,13.1163569,0.430974998,0.10469049,0.501197524,0.142146559
171120_6,1.469829702,1.002949285,1.556556816,1.317852049,2740.809227,1771.776674,3094992.907,2175024.185,44.84194255,14.01455507,0.46542655,0.082049139,0.496653197,0.100395068
171120_10,1.593143472,0.945058191,1.654634387,1.423112346,2841.836752,1698.407811,3208676.273,2123938.379,46.95147894,14.23782115,0.442146003,0.101591956,0.501969787,0.132113731
171116_16,1.81781062,0.948487653,2.135801414,1.930633291,3234.709688,1834.902086,3706468.841,2288075.362,48.10470729,13.50705952,0.429170929,0.110523136,0.503869635,0.147583168
171117_11,2.034351242,1.257949229,2.193114997,2.315531334,3340.099246,2363.719821,3896498.748,3000577.806,46.70221971,13.11516715,0.426360199,0.123677824,0.470100957,0.155583913
171125_4,1.56985905,0.968682608,1.479595374,1.25716489,2771.195355,1680.504121,3238989.753,2176415.041,50.48903169,11.76853641,0.399300731,0.124574908,0.463395701,0.171107371
171117_22,1.877841381,0.969270152,2.030257809,1.851334437,3173.330936,1667.428685,3588802.658,2082212.377,48.90076052,12.91519246,0.427266272,0.102286289,0.500528086,0.143803494
171116_3,1.775512306,0.909139665,2.050053089,1.810649203,3173.614001,1732.109305,3666078.024,2203818.237,50.15713519,12.27232404,0.422554123,0.122809695,0.48546005,0.158615545
171119_9,1.496735148,0.937153494,1.606708433,1.32144136,2628.870274,1697.299275,2939354.281,2052007.197,44.41279403,14.44679387,0.456609991,0.099383824,0.496155974,0.121186434
171120_13,1.691701735,1.052848544,1.74349056,1.450261536,2818.245786,1632.804346,3163595.801,2021971.895,47.1212037,14.86392697,0.442585805,0.109428264,0.501027991,0.138671621
171125_16,1.71118791,0.950344844,1.296481568,1.117504546,2462.537732,1026.74167,2541947.465,1232063.88,50.16920022,14.21743927,0.457343295,0.065562152,0.483294996,0.090459981
171125_8,1.456928611,0.941579296,1.612367841,1.215719946,2829.543768,1529.749087,3117453.341,1818330.285,48.76943426,14.21721226,0.450035216,0.08268788,0.5204554,0.120344294
171126_6,1.66988265,0.997155524,1.439014004,1.239783479,2555.655619,1308.90252,2754018.596,1594097.359,47.61184248,14.38564104,0.444920518,0.093619986,0.502051509,0.129417327
171118_4,1.761715039,0.932653128,2.041184049,1.77902555,3078.05734,1827.296401,3507236.089,2257933.003,46.82587879,13.98382656,0.431543613,0.109834264,0.505776804,0.146276864
171121_3,1.734240245,0.954035733,1.868410919,1.489563331,2919.164228,1741.103378,3332034.155,2224389.809,46.61317692,15.2211112,0.448529992,0.115007633,0.504428274,0.142574756
171124_9,1.804670787,0.957460053,1.542702293,1.118034157,2972.349564,1503.472431,3472164.611,2018580.225,48.91195802,12.89651479,0.416508883,0.113619323,0.501511786,0.160591996
171120_17,1.771335564,1.038324965,1.912890241,1.69530641,2984.070751,1749.341642,3387216.531,2190664.634,47.19581631,13.95304303,0.432737629,0.106387255,0.501115892,0.142810344
171116_23,1.794769209,0.871212837,1.605803583,1.241444773,2833.505437,1358.453147,3219662.766,1717466.427,48.81786595,13.98975456,0.421742186,0.127694762,0.484572242,0.164141558
171116_1,1.766350309,1.009037066,2.023186711,1.874474275,3052.356931,1869.280307,3483014.451,2320026.394,46.07924111,13.67960085,0.425358163,0.108771788,0.500248895,0.150331827
171125_19,1.388602599,0.809290309,1.391522134,1.008692168,2709.169151,1562.121453,3017382.859,1873164.782,47.73413304,14.02613277,0.459237647,0.084403359,0.5138845,0.112408936
171125_1,1.662866859,1.043795188,1.536095009,1.335923142,2849.43172,1740.174118,3347388.615,2232444.371,50.23431907,10.91262333,0.386609179,0.120505664,0.465402636,0.180445675
171125_10,1.465164446,0.883016967,1.358527493,0.999273223,2602.714596,1489.101645,2965746.44,1900284.767,48.44259252,13.29488225,0.433740992,0.110917328,0.49319563,0.144636986
171126_5,1.625909599,0.959655169,1.393385014,1.162246277,2529.849234,1298.573691,2720477.861,1564847.846,47.30948062,14.35773766,0.441192516,0.097083411,0.501739016,0.133936815
171122_3,1.685292445,1.001150509,2.156776653,1.679378315,3199.224666,1731.889904,3608191.229,2142712.575,48.18767414,15.24524059,0.44628016,0.116551628,0.483075749,0.139632284
171119_11,1.755001634,0.849789112,1.81182878,1.376488138,3280.407556,1937.835738,4026171.819,2826528.478,45.66491422,12.65179659,0.430520535,0.115337075,0.486440956,0.144415231
171116_14,1.749802099,0.93186346,1.852372029,1.672217928,2937.251046,1668.781767,3324205.972,2080817.971,47.29005795,14.02905637,0.427835638,0.107150719,0.497314401,0.146718674
171126_11,1.485735472,0.956945018,1.569679225,1.219076861,2797.801232,1569.246338,3120078.797,1881650.195,47.94948787,14.00831562,0.454627017,0.087652685,0.513630375,0.118218648
171120_20,1.771178485,1.017796619,1.926594395,1.65552245,2993.90411,1790.818473,3405294.801,2243177.003,46.3461734,14.11053601,0.432459636,0.110947428,0.496005031,0.144406353
171116_19,1.762498369,0.892655182,1.716500456,1.393431591,2918.088224,1524.719423,3336217.752,1938741.559,48.55555594,13.95163925,0.419835607,0.122906248,0.482365695,0.159575385
171116_22,1.745258938,0.88998172,1.653044568,1.361391119,2836.684593,1490.762445,3240290.686,1937298.366,48.8522844,14.07340676,0.426818568,0.124863997,0.482945147,0.158638982
171116_6,1.748292556,1.064974492,1.839576729,1.639782525,3283.374137,1706.654693,3806837.447,2139699.339,50.75310019,11.75715868,0.421594983,0.10260532,0.499390561,0.150516145
171116_15,1.80916464,0.954468236,2.091183019,1.951426486,3094.86386,1833.149,3539345.12,2300734.546,46.95116648,14.15842074,0.430972997,0.113637825,0.497451868,0.147864008
171120_2,1.52793019,1.068650258,1.630198836,1.380502969,2768.749929,1745.459684,3130862.854,2148464.992,45.40359334,13.87027398,0.459191579,0.086252425,0.492269704,0.106065371
171122_7,1.684457859,0.941085223,1.868606201,1.49836834,2874.565235,1667.200643,3236181.631,2073717.532,46.13965289,15.97273258,0.452619223,0.124857539,0.486633268,0.146005624
171117_18,1.86821457,0.977329327,1.99390395,1.835504159,3172.187472,1715.001116,3596752.817,2144398.788,49.10591286,13.13319673,0.430194839,0.10219804,0.504643287,0.142566003
171116_7,1.676906709,0.934108322,1.555233049,1.151190938,2703.841726,1427.10048,3064420.703,1759108.863,46.90440693,14.8326048,0.424481025,0.127052932,0.469693674,0.157402341
171120_21,1.752522925,1.008958453,1.895417442,1.666094474,2957.299716,1768.556045,3353842.227,2213304.196,46.99337553,14.13821944,0.435701002,0.109586787,0.498770034,0.141971183
171125_3,1.612891688,1.01179655,1.482198314,1.221662087,2731.385788,1603.987363,3187603.85,2072639.703,49.87948784,11.42908725,0.394760668,0.119001443,0.468081398,0.171516834
171125_11,1.439417792,0.845368347,1.390171564,1.073011726,2599.081234,1527.016249,2952146.772,1957345.853,48.13441554,13.61336194,0.44051128,0.105759248,0.496133418,0.136277096
171117_14,2.019382664,1.250609419,2.166441197,2.281451717,3371.826176,2377.732956,3958508.479,3028122.114,46.68199833,12.43433501,0.415382481,0.122945321,0.472976499,0.161378358
171120_18,1.691155045,0.953549534,1.732959036,1.459412063,2776.070062,1577.935645,3107457.424,1959980.85,47.39359323,14.53452433,0.437449385,0.104292117,0.505097243,0.139204681
171116_10,1.711652768,0.8762379,1.754769212,1.400979307,2846.647333,1501.495665,3224306.292,1912594.646,48.97456114,14.47643817,0.434075179,0.118229497,0.489789634,0.148841753
171120_19,1.739371575,1.053907081,1.691538465,1.386615206,2768.673435,1595.853067,3112955.342,1985029.189,47.10669473,14.69897045,0.440427172,0.110573689,0.503409795,0.142114441